dataset,n_base_classifiers,n_objetos_gerados,qtde_classifiers,classifier_type,acc1,acc2,acc3,acc4,acc5,acc_mean,time_to_run
load_electrical_grid_stability,20,10,2,tree,0.997,1.0,0.997,0.993,0.9995,0.9972999999999999,17.47528314590454
load_electrical_grid_stability,20,10,4,tree,0.9995,0.999,0.999,0.9995,1.0,0.9994,18.517893314361572
load_electrical_grid_stability,20,10,6,tree,0.998,0.9995,1.0,1.0,1.0,0.9995,19.249200344085693
load_electrical_grid_stability,20,10,8,tree,0.9985,1.0,1.0,0.9995,1.0,0.9996,20.202587366104126
load_electrical_grid_stability,20,10,10,tree,0.999,0.999,1.0,0.9995,1.0,0.9995,21.07968044281006
load_electrical_grid_stability,20,10,20,tree,0.999,0.9985,1.0,0.9995,0.9995,0.9993000000000001,10.00971531867981
load_htru_pulsar,20,10,2,tree,0.9653631284916201,0.9614525139664805,0.9698324022346368,0.9653534506845488,0.9625593741268511,0.9649121739008274,83.22520971298218
load_htru_pulsar,20,10,4,tree,0.9754189944134078,0.9770949720670391,0.9782122905027933,0.9759709416037999,0.9742944956691814,0.9761983388512444,84.99862337112427
load_htru_pulsar,20,10,6,tree,0.9782122905027933,0.9782122905027933,0.9807262569832402,0.9779267951941883,0.9762503492595697,0.978265596488517,86.2588758468628
load_htru_pulsar,20,10,8,tree,0.9782122905027933,0.979050279329609,0.982122905027933,0.9793238334730372,0.9762503492595697,0.9789919315185884,87.8293616771698
load_htru_pulsar,20,10,10,tree,0.9787709497206704,0.9784916201117319,0.9824022346368715,0.9790444258172674,0.9765297569153395,0.9790477974403761,89.33130812644958
load_htru_pulsar,20,10,20,tree,0.9787709497206704,0.9776536312849162,0.9826815642458101,0.9810002794076558,0.9765297569153395,0.9793272363148784,17.418454885482788
load_image_segmentation,20,10,2,tree,0.9632034632034632,0.9567099567099567,0.9502164502164502,0.9675324675324676,0.9545454545454546,0.9584415584415584,4.214219808578491
load_image_segmentation,20,10,4,tree,0.9718614718614719,0.961038961038961,0.9696969696969697,0.9805194805194806,0.9675324675324676,0.9701298701298701,4.399717807769775
load_image_segmentation,20,10,6,tree,0.9718614718614719,0.961038961038961,0.9761904761904762,0.987012987012987,0.9696969696969697,0.9731601731601731,4.619833707809448
load_image_segmentation,20,10,8,tree,0.9805194805194806,0.974025974025974,0.9718614718614719,0.9913419913419913,0.9718614718614719,0.9779220779220779,4.836862802505493
load_image_segmentation,20,10,10,tree,0.9805194805194806,0.9653679653679653,0.9653679653679653,0.9826839826839827,0.9675324675324676,0.9722943722943723,5.032225608825684
load_image_segmentation,20,10,20,tree,0.9848484848484849,0.9718614718614719,0.974025974025974,0.9935064935064936,0.9783549783549783,0.9805194805194806,2.378554582595825
load_rice,20,10,2,tree,0.9826780313445147,0.9843277426450371,0.9832279351113555,0.9837778388781964,0.9837778388781964,0.9835578773714599,31.591118097305298
load_rice,20,10,4,tree,0.9862524058289799,0.9873522133626615,0.9879021171295024,0.9870772614792411,0.9881770690129228,0.9873522133626615,33.176159381866455
load_rice,20,10,6,tree,0.9879021171295024,0.9887269727797635,0.9895518284300248,0.9862524058289799,0.9892768765466043,0.9883420401429749,34.88439655303955
load_rice,20,10,8,tree,0.9901017321968656,0.9879021171295024,0.9895518284300248,0.987627165246082,0.9868023095958207,0.9883970305196591,36.53495168685913
load_rice,20,10,10,tree,0.9887269727797635,0.987627165246082,0.9884520208963431,0.9868023095958207,0.9906516359637063,0.9884520208963432,38.12688374519348
load_rice,20,10,20,tree,0.9887269727797635,0.9903766840802859,0.9890019246631839,0.9881770690129228,0.9895518284300248,0.9891668957932362,18.092864274978638
load_statlog_vehicle,20,10,2,tree,0.7647058823529411,0.7041420118343196,0.7692307692307693,0.7751479289940828,0.7455621301775148,0.7517577445179254,1.6423590183258057
load_statlog_vehicle,20,10,4,tree,0.7588235294117647,0.757396449704142,0.7455621301775148,0.7455621301775148,0.7159763313609467,0.7446641141663766,1.7239439487457275
load_statlog_vehicle,20,10,6,tree,0.7647058823529411,0.727810650887574,0.7514792899408284,0.7514792899408284,0.6982248520710059,0.7387399930386356,1.8114633560180664
load_statlog_vehicle,20,10,8,tree,0.7529411764705882,0.7159763313609467,0.7692307692307693,0.7218934911242604,0.727810650887574,0.7375704838148277,1.8808138370513916
load_statlog_vehicle,20,10,10,tree,0.788235294117647,0.7337278106508875,0.757396449704142,0.757396449704142,0.7218934911242604,0.7517298990602158,1.9615097045898438
load_statlog_vehicle,20,10,20,tree,0.7823529411764706,0.7633136094674556,0.7337278106508875,0.757396449704142,0.7218934911242604,0.7517368604246432,0.94972825050354
load_gamma_telecope,20,10,2,tree,0.8220294426919033,0.8188748685594112,0.8249211356466877,0.8157202944269191,0.8065194532071503,0.8176130389064143,34.93749499320984
load_gamma_telecope,20,10,4,tree,0.8420084121976866,0.844900105152471,0.8554153522607781,0.8480546792849631,0.8590956887486856,0.8498948475289169,36.63990831375122
load_gamma_telecope,20,10,6,tree,0.8580441640378549,0.8530494216614091,0.8575184016824395,0.8556782334384858,0.8598843322818086,0.8568349106203994,38.41197323799133
load_gamma_telecope,20,10,8,tree,0.8638275499474237,0.8548895899053628,0.8575184016824395,0.8661934805467929,0.8596214511041009,0.860410094637224,40.20742392539978
load_gamma_telecope,20,10,10,tree,0.8630389064143007,0.8661934805467929,0.8648790746582544,0.8719768664563617,0.8680336487907466,0.8668243953732914,41.878299713134766
load_gamma_telecope,20,10,20,tree,0.8703995793901157,0.8698738170347003,0.870925341745531,0.879074658254469,0.8711882229232387,0.872292323869611,19.929941177368164
load_pen_digit_recognition,20,10,2,tree,0.9781718963165075,0.9749886311959982,0.9845313921747043,0.9731574158325751,0.9813466787989081,0.9784392028637386,51.319178342819214
load_pen_digit_recognition,20,10,4,tree,0.9899954524783993,0.98681218735789,0.991810737033667,0.9868061874431301,0.989080982711556,0.9889011094049284,54.023892641067505
load_pen_digit_recognition,20,10,6,tree,0.9890859481582538,0.9909049567985448,0.9949954504094631,0.9881710646041856,0.989080982711556,0.9904476805364008,55.301934480667114
load_pen_digit_recognition,20,10,8,tree,0.992269213278763,0.9877216916780355,0.9931756141947224,0.9877161055505005,0.9922656960873522,0.9906296641578747,57.80399560928345
load_pen_digit_recognition,20,10,10,tree,0.9936334697589814,0.9913597089586176,0.9909008189262967,0.9895359417652412,0.9922656960873522,0.9915391270992977,56.69009518623352
load_pen_digit_recognition,20,10,20,tree,0.9931787175989086,0.988631195998181,0.9954504094631483,0.9895359417652412,0.9927206551410374,0.9919033839933034,11.074524402618408
load_leaf,20,10,2,tree,0.6470588235294118,0.6764705882352942,0.5588235294117647,0.6323529411764706,0.6764705882352942,0.6382352941176471,1.646421194076538
load_leaf,20,10,4,tree,0.7352941176470589,0.5882352941176471,0.6617647058823529,0.7205882352941176,0.6617647058823529,0.6735294117647059,1.6780672073364258
load_leaf,20,10,6,tree,0.6323529411764706,0.6764705882352942,0.6323529411764706,0.6617647058823529,0.7647058823529411,0.6735294117647059,1.7052128314971924
load_leaf,20,10,8,tree,0.6911764705882353,0.6470588235294118,0.6911764705882353,0.7205882352941176,0.7352941176470589,0.6970588235294117,1.7426905632019043
load_leaf,20,10,10,tree,0.6911764705882353,0.6617647058823529,0.75,0.7352941176470589,0.6911764705882353,0.7058823529411764,1.778038501739502
load_leaf,20,10,20,tree,0.75,0.7352941176470589,0.6764705882352942,0.7647058823529411,0.75,0.7352941176470589,0.3939332962036133
load_accent_recognition,20,10,2,tree,0.7575757575757576,0.7272727272727273,0.7272727272727273,0.8181818181818182,0.7384615384615385,0.7537529137529138,0.6415925025939941
load_accent_recognition,20,10,4,tree,0.7424242424242424,0.7121212121212122,0.7121212121212122,0.8333333333333334,0.7538461538461538,0.7507692307692309,0.6670260429382324
load_accent_recognition,20,10,6,tree,0.7121212121212122,0.7121212121212122,0.7424242424242424,0.8787878787878788,0.6923076923076923,0.7475524475524477,0.6989517211914062
load_accent_recognition,20,10,8,tree,0.8333333333333334,0.8333333333333334,0.7424242424242424,0.8333333333333334,0.8,0.8084848484848486,0.7270646095275879
load_accent_recognition,20,10,10,tree,0.803030303030303,0.7272727272727273,0.7424242424242424,0.8333333333333334,0.7538461538461538,0.771981351981352,0.7542052268981934
load_accent_recognition,20,10,20,tree,0.7727272727272727,0.7575757575757576,0.7272727272727273,0.8636363636363636,0.7384615384615385,0.771934731934732,0.37915945053100586
load_statlog_sattelite_image,20,10,2,tree,0.8717948717948718,0.864024864024864,0.8912198912198912,0.8686868686868687,0.8811188811188811,0.8753690753690753,31.060226440429688
load_statlog_sattelite_image,20,10,4,tree,0.8881118881118881,0.8811188811188811,0.9005439005439005,0.8958818958818959,0.8935508935508936,0.8918414918414918,31.69154143333435
load_statlog_sattelite_image,20,10,6,tree,0.898989898989899,0.8958818958818959,0.9145299145299145,0.8935508935508936,0.9036519036519036,0.9013209013209014,32.21625518798828
load_statlog_sattelite_image,20,10,8,tree,0.9036519036519036,0.8896658896658897,0.916083916083916,0.9106449106449106,0.9075369075369075,0.9055167055167056,32.86403155326843
load_statlog_sattelite_image,20,10,10,tree,0.8966588966588966,0.8857808857808858,0.9121989121989122,0.9036519036519036,0.9075369075369075,0.9011655011655011,33.42069911956787
load_statlog_sattelite_image,20,10,20,tree,0.8935508935508936,0.9028749028749029,0.9176379176379177,0.9044289044289044,0.916083916083916,0.9069153069153069,7.071350812911987
load_electrical_grid_stability,20,10,2,perceptron,0.929,0.916,0.903,0.9195,0.9215,0.9178000000000001,28.283817291259766
load_electrical_grid_stability,20,10,4,perceptron,0.9215,0.919,0.938,0.935,0.9215,0.9269999999999999,28.957260847091675
load_electrical_grid_stability,20,10,6,perceptron,0.9525,0.954,0.948,0.946,0.94,0.9480999999999998,29.84260368347168
load_electrical_grid_stability,20,10,8,perceptron,0.9295,0.924,0.932,0.931,0.929,0.9291,30.697116374969482
load_electrical_grid_stability,20,10,10,perceptron,0.9125,0.937,0.9395,0.9415,0.924,0.9309,31.778679370880127
load_electrical_grid_stability,20,10,20,perceptron,0.921,0.939,0.927,0.9395,0.9195,0.9292,9.733406066894531
load_htru_pulsar,20,10,2,perceptron,0.9698324022346368,0.9695530726256983,0.979050279329609,0.9701033808326348,0.9659122659960883,0.9708902802037335,81.34497141838074
load_htru_pulsar,20,10,4,perceptron,0.9773743016759776,0.9712290502793296,0.9762569832402235,0.9717798267672534,0.9706621961441744,0.9734604716213917,83.64159369468689
load_htru_pulsar,20,10,6,perceptron,0.9650837988826816,0.9706703910614525,0.9743016759776536,0.9706621961441744,0.9670298966191674,0.9695495917370259,84.60260963439941
load_htru_pulsar,20,10,8,perceptron,0.9745810055865922,0.9636871508379888,0.9743016759776536,0.9667504889633975,0.9740150880134115,0.9706670818758087,86.59353303909302
load_htru_pulsar,20,10,10,perceptron,0.9754189944134078,0.9712290502793296,0.979608938547486,0.972338642078793,0.9709416037999441,0.9739074458237921,88.07312822341919
load_htru_pulsar,20,10,20,perceptron,0.9650837988826816,0.9712290502793296,0.975977653631285,0.9647946353730092,0.9684269348980162,0.9691024146128644,16.568102836608887
load_image_segmentation,20,10,2,perceptron,0.7186147186147186,0.7835497835497836,0.7467532467532467,0.7857142857142857,0.7575757575757576,0.7584415584415585,7.25710916519165
load_image_segmentation,20,10,4,perceptron,0.8463203463203464,0.8441558441558441,0.8398268398268398,0.8528138528138528,0.8116883116883117,0.8389610389610389,7.483342170715332
load_image_segmentation,20,10,6,perceptron,0.7445887445887446,0.803030303030303,0.7316017316017316,0.7359307359307359,0.803030303030303,0.7636363636363634,7.672526836395264
load_image_segmentation,20,10,8,perceptron,0.7662337662337663,0.8398268398268398,0.7813852813852814,0.8722943722943723,0.7597402597402597,0.8038961038961039,7.8621985912323
load_image_segmentation,20,10,10,perceptron,0.7922077922077922,0.8181818181818182,0.8203463203463204,0.8225108225108225,0.8116883116883117,0.8129870129870129,8.08982229232788
load_image_segmentation,20,10,20,perceptron,0.7272727272727273,0.7727272727272727,0.7640692640692641,0.8203463203463204,0.7402597402597403,0.764935064935065,2.8660457134246826
load_rice,20,10,2,perceptron,0.9826780313445147,0.9840527907616167,0.9848776464118779,0.9857025020621392,0.9804784162771515,0.9835578773714599,49.88312578201294
load_rice,20,10,4,perceptron,0.9818531756942535,0.9848776464118779,0.9854275501787187,0.9815782238108332,0.9846026945284575,0.983667858124828,51.77577996253967
load_rice,20,10,6,perceptron,0.9857025020621392,0.9840527907616167,0.9799285125103107,0.9837778388781964,0.9774539455595271,0.982183117954358,53.24222135543823
load_rice,20,10,8,perceptron,0.9826780313445147,0.9851525982952983,0.9843277426450371,0.9821281275776739,0.983502886994776,0.9835578773714599,54.962472677230835
load_rice,20,10,10,perceptron,0.9824030794610943,0.9868023095958207,0.9760791861424251,0.9846026945284575,0.9848776464118779,0.9829529832279352,56.769604444503784
load_rice,20,10,20,perceptron,0.9837778388781964,0.9868023095958207,0.9862524058289799,0.9846026945284575,0.9818531756942535,0.9846576849051416,17.540806531906128
load_statlog_vehicle,20,10,2,perceptron,0.6352941176470588,0.6035502958579881,0.6449704142011834,0.6094674556213018,0.6627218934911243,0.6312008353637312,2.6105918884277344
load_statlog_vehicle,20,10,4,perceptron,0.6764705882352942,0.5739644970414202,0.5680473372781065,0.5976331360946746,0.6686390532544378,0.6169509223807867,2.6752214431762695
load_statlog_vehicle,20,10,6,perceptron,0.6176470588235294,0.5857988165680473,0.6627218934911243,0.6035502958579881,0.6745562130177515,0.6288548555516882,2.7469637393951416
load_statlog_vehicle,20,10,8,perceptron,0.5176470588235295,0.5325443786982249,0.4911242603550296,0.48520710059171596,0.621301775147929,0.5295649147232857,2.82415509223938
load_statlog_vehicle,20,10,10,perceptron,0.6352941176470588,0.6094674556213018,0.5266272189349113,0.6035502958579881,0.591715976331361,0.5933310128785242,2.9145634174346924
load_statlog_vehicle,20,10,20,perceptron,0.6764705882352942,0.6094674556213018,0.5384615384615384,0.6094674556213018,0.5325443786982249,0.5932822833275322,1.071049690246582
load_gamma_telecope,20,10,2,perceptron,0.7394847528916929,0.7765509989484752,0.7415878023133544,0.7778654048370137,0.7815457413249212,0.7634069400630915,51.945058822631836
load_gamma_telecope,20,10,4,perceptron,0.7471083070452156,0.7655099894847529,0.7613038906414301,0.7844374342797056,0.7497371188222923,0.7616193480546792,53.38204526901245
load_gamma_telecope,20,10,6,perceptron,0.7631440588853838,0.7689274447949527,0.7641955835962145,0.7836487907465826,0.7712933753943217,0.7702418506834912,55.262529134750366
load_gamma_telecope,20,10,8,perceptron,0.7531545741324921,0.7789169295478444,0.7602523659305994,0.7726077812828601,0.7413249211356467,0.7612513144058886,56.78296208381653
load_gamma_telecope,20,10,10,perceptron,0.768664563617245,0.7681388012618297,0.7665615141955836,0.7726077812828601,0.7810199789695058,0.7713985278654049,58.82245898246765
load_gamma_telecope,20,10,20,perceptron,0.7649842271293376,0.7605152471083071,0.7494742376445847,0.7271293375394322,0.7849631966351209,0.7574132492113564,18.437854528427124
load_pen_digit_recognition,20,10,2,perceptron,0.81218735788995,0.791268758526603,0.8089171974522293,0.8039126478616925,0.7843494085532302,0.800127074056741,53.93009567260742
load_pen_digit_recognition,20,10,4,perceptron,0.745793542519327,0.7939972714870396,0.6924476797088263,0.7511373976342129,0.7283894449499545,0.7423530672598722,54.935410261154175
load_pen_digit_recognition,20,10,6,perceptron,0.779899954524784,0.749431559799909,0.7779799818016379,0.7761601455868972,0.7438580527752502,0.7654659388976957,55.810324907302856
load_pen_digit_recognition,20,10,8,perceptron,0.7526148249204184,0.7548885857207822,0.7579617834394905,0.7579617834394905,0.8198362147406734,0.7686526384521709,56.864667892456055
load_pen_digit_recognition,20,10,10,perceptron,0.8012733060482037,0.7371532514779445,0.8221110100090991,0.8325750682438581,0.8166515013648772,0.8019528274287964,57.737837076187134
load_pen_digit_recognition,20,10,20,perceptron,0.7812642110050023,0.7594361073215098,0.7556869881710646,0.8102820746132848,0.6960873521383075,0.7605513466498339,13.52232313156128
load_leaf,20,10,2,perceptron,0.3088235294117647,0.35294117647058826,0.20588235294117646,0.3235294117647059,0.2647058823529412,0.29117647058823526,2.6906349658966064
load_leaf,20,10,4,perceptron,0.25,0.2647058823529412,0.16176470588235295,0.17647058823529413,0.3382352941176471,0.23823529411764705,2.706679105758667
load_leaf,20,10,6,perceptron,0.3235294117647059,0.38235294117647056,0.2647058823529412,0.27941176470588236,0.38235294117647056,0.3264705882352941,2.7386183738708496
load_leaf,20,10,8,perceptron,0.3382352941176471,0.27941176470588236,0.35294117647058826,0.36764705882352944,0.38235294117647056,0.34411764705882353,2.7625772953033447
load_leaf,20,10,10,perceptron,0.3235294117647059,0.29411764705882354,0.35294117647058826,0.27941176470588236,0.39705882352941174,0.32941176470588235,2.7872273921966553
load_leaf,20,10,20,perceptron,0.23529411764705882,0.22058823529411764,0.25,0.2647058823529412,0.27941176470588236,0.25,1.4097013473510742
load_accent_recognition,20,10,2,perceptron,0.6363636363636364,0.6515151515151515,0.5909090909090909,0.6363636363636364,0.49230769230769234,0.6014918414918415,1.1630349159240723
load_accent_recognition,20,10,4,perceptron,0.6212121212121212,0.6363636363636364,0.5454545454545454,0.6666666666666666,0.5230769230769231,0.5985547785547786,1.1891427040100098
load_accent_recognition,20,10,6,perceptron,0.6212121212121212,0.5909090909090909,0.5757575757575758,0.6212121212121212,0.6153846153846154,0.6048951048951049,1.224363088607788
load_accent_recognition,20,10,8,perceptron,0.6363636363636364,0.6060606060606061,0.5909090909090909,0.6515151515151515,0.5230769230769231,0.6015850815850816,1.2465746402740479
load_accent_recognition,20,10,10,perceptron,0.6515151515151515,0.6666666666666666,0.5909090909090909,0.5606060606060606,0.5230769230769231,0.5985547785547786,1.2803702354431152
load_accent_recognition,20,10,20,perceptron,0.696969696969697,0.6212121212121212,0.5757575757575758,0.7424242424242424,0.5076923076923077,0.6288111888111889,0.5769956111907959
load_statlog_sattelite_image,20,10,2,perceptron,0.7731157731157731,0.7264957264957265,0.7668997668997669,0.7591297591297591,0.721056721056721,0.7493395493395493,31.83790946006775
load_statlog_sattelite_image,20,10,4,perceptron,0.7964257964257965,0.745920745920746,0.7808857808857809,0.7995337995337995,0.7350427350427351,0.7715617715617716,32.289793491363525
load_statlog_sattelite_image,20,10,6,perceptron,0.7544677544677545,0.7668997668997669,0.8205128205128205,0.8096348096348096,0.8018648018648019,0.7906759906759906,32.88882541656494
load_statlog_sattelite_image,20,10,8,perceptron,0.7645687645687645,0.777000777000777,0.7614607614607615,0.7614607614607615,0.763014763014763,0.7655011655011655,33.415313720703125
load_statlog_sattelite_image,20,10,10,perceptron,0.7715617715617715,0.7474747474747475,0.7731157731157731,0.7544677544677545,0.7482517482517482,0.7589743589743589,33.96661305427551
load_statlog_sattelite_image,20,10,20,perceptron,0.7567987567987567,0.7365967365967366,0.7668997668997669,0.721056721056721,0.7606837606837606,0.7484071484071484,7.833840847015381
load_electrical_grid_stability,20,10,2,naive-bayes,0.9735,0.9825,0.979,0.9815,0.977,0.9787000000000001,37.39227342605591
load_electrical_grid_stability,20,10,4,naive-bayes,0.9755,0.981,0.9805,0.9815,0.9755,0.9788,38.71350383758545
load_electrical_grid_stability,20,10,6,naive-bayes,0.9735,0.983,0.982,0.9815,0.9765,0.9793000000000001,40.502601146698
load_electrical_grid_stability,20,10,8,naive-bayes,0.975,0.981,0.981,0.981,0.9755,0.9786999999999999,42.06738042831421
load_electrical_grid_stability,20,10,10,naive-bayes,0.9735,0.9835,0.981,0.9815,0.9755,0.9790000000000001,43.94263529777527
load_electrical_grid_stability,20,10,20,naive-bayes,0.973,0.9815,0.9815,0.981,0.9755,0.9785,17.026315450668335
load_htru_pulsar,20,10,2,naive-bayes,0.9483240223463687,0.9388268156424581,0.9466480446927374,0.9497066219614417,0.942162615255658,0.9451336239797328,97.40520453453064
load_htru_pulsar,20,10,4,naive-bayes,0.9488826815642458,0.9382681564245811,0.9466480446927374,0.9516624755518301,0.9424420229114278,0.9455806762289644,100.25053358078003
load_htru_pulsar,20,10,6,naive-bayes,0.946927374301676,0.9382681564245811,0.9458100558659218,0.9519418832075999,0.942162615255658,0.9450220170110872,103.29663228988647
load_htru_pulsar,20,10,8,naive-bayes,0.9474860335195531,0.9388268156424581,0.9463687150837988,0.9508242525845209,0.9427214305671976,0.9452454494795056,105.95399498939514
load_htru_pulsar,20,10,10,naive-bayes,0.946927374301676,0.9377094972067039,0.9466480446927374,0.950544844928751,0.942162615255658,0.9447984752771053,108.98248505592346
load_htru_pulsar,20,10,20,naive-bayes,0.9472067039106146,0.9388268156424581,0.9463687150837988,0.950544844928751,0.942162615255658,0.945021938964256,29.325408220291138
load_image_segmentation,20,10,2,naive-bayes,0.7727272727272727,0.7878787878787878,0.8376623376623377,0.7878787878787878,0.7943722943722944,0.7961038961038961,13.850023031234741
load_image_segmentation,20,10,4,naive-bayes,0.7813852813852814,0.7813852813852814,0.8376623376623377,0.7922077922077922,0.7835497835497836,0.7952380952380953,14.759570837020874
load_image_segmentation,20,10,6,naive-bayes,0.7857142857142857,0.7922077922077922,0.841991341991342,0.8008658008658008,0.7987012987012987,0.8038961038961038,15.524837970733643
load_image_segmentation,20,10,8,naive-bayes,0.7813852813852814,0.7943722943722944,0.8398268398268398,0.8008658008658008,0.803030303030303,0.8038961038961039,16.352697134017944
load_image_segmentation,20,10,10,naive-bayes,0.7792207792207793,0.7857142857142857,0.8354978354978355,0.7965367965367965,0.7965367965367965,0.7987012987012988,17.10817790031433
load_image_segmentation,20,10,20,naive-bayes,0.7813852813852814,0.79004329004329,0.8398268398268398,0.7987012987012987,0.7922077922077922,0.8004329004329005,8.193001747131348
load_rice,20,10,2,naive-bayes,0.9821281275776739,0.9865273577124003,0.9843277426450371,0.9829529832279351,0.9818531756942535,0.9835578773714599,66.02875566482544
load_rice,20,10,4,naive-bayes,0.9832279351113555,0.9857025020621392,0.9843277426450371,0.9832279351113555,0.9810283200439923,0.983502886994776,68.96056652069092
load_rice,20,10,6,naive-bayes,0.9829529832279351,0.9862524058289799,0.9848776464118779,0.9832279351113555,0.9818531756942535,0.9838328292548806,71.81223630905151
load_rice,20,10,8,naive-bayes,0.9832279351113555,0.9857025020621392,0.9843277426450371,0.9832279351113555,0.9810283200439923,0.983502886994776,74.89926385879517
load_rice,20,10,10,naive-bayes,0.9829529832279351,0.9862524058289799,0.9840527907616167,0.9832279351113555,0.9810283200439923,0.983502886994776,79.16158986091614
load_rice,20,10,20,naive-bayes,0.9829529832279351,0.9865273577124003,0.9840527907616167,0.9832279351113555,0.9810283200439923,0.9835578773714599,32.56367015838623
load_statlog_vehicle,20,10,2,naive-bayes,0.5411764705882353,0.4970414201183432,0.48520710059171596,0.38461538461538464,0.42011834319526625,0.46563174382178907,4.180348634719849
load_statlog_vehicle,20,10,4,naive-bayes,0.5235294117647059,0.4911242603550296,0.4911242603550296,0.38461538461538464,0.4556213017751479,0.4692029237730595,4.385118722915649
load_statlog_vehicle,20,10,6,naive-bayes,0.5058823529411764,0.4556213017751479,0.48520710059171596,0.3727810650887574,0.4319526627218935,0.4502888966237382,4.596277952194214
load_statlog_vehicle,20,10,8,naive-bayes,0.5058823529411764,0.46745562130177515,0.48520710059171596,0.38461538461538464,0.4556213017751479,0.45975635224504,4.805391311645508
load_statlog_vehicle,20,10,10,naive-bayes,0.5411764705882353,0.4911242603550296,0.514792899408284,0.378698224852071,0.47337278106508873,0.4798329272537417,5.02735710144043
load_statlog_vehicle,20,10,20,naive-bayes,0.5352941176470588,0.46745562130177515,0.4911242603550296,0.40236686390532544,0.4378698224852071,0.46682213713887927,2.2315995693206787
load_gamma_telecope,20,10,2,naive-bayes,0.7273922187171399,0.7092534174553102,0.7179284963196635,0.7431650893796005,0.7407991587802313,0.727707676130389,71.90789651870728
load_gamma_telecope,20,10,4,naive-bayes,0.7289695057833859,0.7092534174553102,0.7150368033648791,0.7423764458464774,0.7368559411146162,0.7264984227129339,75.15602469444275
load_gamma_telecope,20,10,6,naive-bayes,0.7284437434279706,0.7113564668769716,0.7155625657202944,0.7431650893796005,0.7379074658254469,0.7272870662460569,78.36231207847595
load_gamma_telecope,20,10,8,naive-bayes,0.7287066246056783,0.7084647739221872,0.7145110410094637,0.7415878023133544,0.7392218717139852,0.7264984227129337,81.63811802864075
load_gamma_telecope,20,10,10,naive-bayes,0.7284437434279706,0.7095162986330179,0.7158254468980021,0.7423764458464774,0.7381703470031545,0.7268664563617244,85.37250709533691
load_gamma_telecope,20,10,20,naive-bayes,0.7281808622502629,0.7095162986330179,0.7163512092534174,0.7426393270241851,0.7376445846477392,0.7268664563617245,33.95290732383728
load_pen_digit_recognition,20,10,2,naive-bayes,0.8562983174170077,0.8476580263756253,0.859417652411283,0.8616924476797089,0.8525932666060054,0.8555319420979259,104.78402185440063
load_pen_digit_recognition,20,10,4,naive-bayes,0.8544793087767167,0.848112778535698,0.8607825295723385,0.862147406733394,0.8512283894449499,0.8553500826126192,107.91283655166626
load_pen_digit_recognition,20,10,6,naive-bayes,0.8590268303774443,0.846293769895407,0.859417652411283,0.8653321201091901,0.8535031847133758,0.85671471150134,111.35309791564941
load_pen_digit_recognition,20,10,8,naive-bayes,0.8631195998180992,0.8467485220554798,0.8626023657870792,0.8639672429481347,0.8521383075523203,0.8577152076322226,119.77534937858582
load_pen_digit_recognition,20,10,10,naive-bayes,0.8581173260572987,0.8512960436562074,0.8585077343039127,0.8639672429481347,0.8548680618744313,0.8573512817679969,124.65050745010376
load_pen_digit_recognition,20,10,20,naive-bayes,0.8572078217371533,0.8494770350159163,0.8589626933575978,0.8653321201091901,0.8525932666060054,0.8567145873651725,51.260661125183105
load_leaf,20,10,2,naive-bayes,0.6029411764705882,0.6029411764705882,0.6029411764705882,0.7352941176470589,0.6323529411764706,0.6352941176470588,6.463880300521851
load_leaf,20,10,4,naive-bayes,0.6470588235294118,0.6029411764705882,0.6029411764705882,0.6617647058823529,0.6764705882352942,0.6382352941176471,6.8941614627838135
load_leaf,20,10,6,naive-bayes,0.6764705882352942,0.6470588235294118,0.5882352941176471,0.6617647058823529,0.6617647058823529,0.6470588235294118,7.336592435836792
load_leaf,20,10,8,naive-bayes,0.6764705882352942,0.6470588235294118,0.6764705882352942,0.6911764705882353,0.6911764705882353,0.6764705882352942,7.70549464225769
load_leaf,20,10,10,naive-bayes,0.6617647058823529,0.6617647058823529,0.5882352941176471,0.7058823529411765,0.6617647058823529,0.6558823529411765,8.087978839874268
load_leaf,20,10,20,naive-bayes,0.6470588235294118,0.7352941176470589,0.6470588235294118,0.7058823529411765,0.7205882352941176,0.6911764705882353,4.244429349899292
load_accent_recognition,20,10,2,naive-bayes,0.6212121212121212,0.5757575757575758,0.4393939393939394,0.6212121212121212,0.5846153846153846,0.5684382284382286,1.894350290298462
load_accent_recognition,20,10,4,naive-bayes,0.6212121212121212,0.6666666666666666,0.42424242424242425,0.6060606060606061,0.6461538461538462,0.5928671328671329,2.001854658126831
load_accent_recognition,20,10,6,naive-bayes,0.6212121212121212,0.6060606060606061,0.5,0.6363636363636364,0.6307692307692307,0.598881118881119,2.1076738834381104
load_accent_recognition,20,10,8,naive-bayes,0.6515151515151515,0.5909090909090909,0.3939393939393939,0.6212121212121212,0.6307692307692307,0.5776689976689976,2.215789318084717
load_accent_recognition,20,10,10,naive-bayes,0.6212121212121212,0.6212121212121212,0.4696969696969697,0.6060606060606061,0.6461538461538462,0.5928671328671329,2.3162360191345215
load_accent_recognition,20,10,20,naive-bayes,0.6515151515151515,0.6060606060606061,0.45454545454545453,0.6212121212121212,0.6153846153846154,0.5897435897435898,1.1383652687072754
load_statlog_sattelite_image,20,10,2,naive-bayes,0.7886557886557887,0.7723387723387724,0.818958818958819,0.7948717948717948,0.8003108003108003,0.795027195027195,50.55877923965454
load_statlog_sattelite_image,20,10,4,naive-bayes,0.7871017871017871,0.7754467754467754,0.8197358197358198,0.7956487956487956,0.8018648018648019,0.795959595959596,52.603015422821045
load_statlog_sattelite_image,20,10,6,naive-bayes,0.7902097902097902,0.7762237762237763,0.8205128205128205,0.7956487956487956,0.8010878010878011,0.7967365967365968,54.58309984207153
load_statlog_sattelite_image,20,10,8,naive-bayes,0.7894327894327894,0.7754467754467754,0.8212898212898213,0.7956487956487956,0.7995337995337995,0.7962703962703962,55.717867851257324
load_statlog_sattelite_image,20,10,10,naive-bayes,0.790986790986791,0.7738927738927739,0.8197358197358198,0.797979797979798,0.8018648018648019,0.7968919968919969,57.49181866645813
load_statlog_sattelite_image,20,10,20,naive-bayes,0.7894327894327894,0.7762237762237763,0.8205128205128205,0.7972027972027972,0.8018648018648019,0.797047397047397,20.75626802444458
load_electrical_grid_stability,20,10,2,knn,0.937,0.9285,0.9355,0.932,0.927,0.932,382.31463289260864
load_electrical_grid_stability,20,10,4,knn,0.9455,0.935,0.9375,0.937,0.9265,0.9362999999999999,406.8411474227905
load_electrical_grid_stability,20,10,6,knn,0.942,0.935,0.939,0.94,0.934,0.938,420.8867106437683
load_electrical_grid_stability,20,10,8,knn,0.9385,0.941,0.944,0.9415,0.9315,0.9393,431.3577036857605
load_electrical_grid_stability,20,10,10,knn,0.946,0.9325,0.945,0.941,0.939,0.9406999999999999,447.2427475452423
load_electrical_grid_stability,20,10,20,knn,0.944,0.9365,0.941,0.9385,0.9325,0.9385,121.60238146781921
load_htru_pulsar,20,10,2,knn,0.9745810055865922,0.9715083798882681,0.9762569832402235,0.9742944956691814,0.972338642078793,0.9737959012926115,365.83463430404663
load_htru_pulsar,20,10,4,knn,0.9776536312849162,0.9709497206703911,0.979050279329609,0.9742944956691814,0.9728974573903325,0.9749691168688861,373.4639325141907
load_htru_pulsar,20,10,6,knn,0.9748603351955307,0.9743016759776536,0.9804469273743017,0.9770885722268791,0.9759709416037999,0.976533690475633,373.3256962299347
load_htru_pulsar,20,10,8,knn,0.9782122905027933,0.9762569832402235,0.982122905027933,0.9790444258172674,0.9762503492595697,0.9783773907695574,387.5536024570465
load_htru_pulsar,20,10,10,knn,0.9787709497206704,0.9745810055865922,0.982122905027933,0.9779267951941883,0.9762503492595697,0.9779304009577908,402.1184666156769
load_htru_pulsar,20,10,20,knn,0.9793296089385475,0.9762569832402235,0.9835195530726257,0.9784856105057279,0.9756915339480302,0.9786566579410308,146.10449051856995
load_image_segmentation,20,10,2,knn,0.9372294372294372,0.948051948051948,0.9502164502164502,0.9588744588744589,0.9437229437229437,0.9476190476190476,41.23716139793396
load_image_segmentation,20,10,4,knn,0.9285714285714286,0.948051948051948,0.961038961038961,0.9653679653679653,0.9393939393939394,0.9484848484848485,42.95346546173096
load_image_segmentation,20,10,6,knn,0.9393939393939394,0.9523809523809523,0.9502164502164502,0.961038961038961,0.9393939393939394,0.9484848484848485,45.03529453277588
load_image_segmentation,20,10,8,knn,0.9393939393939394,0.9415584415584416,0.9567099567099567,0.9632034632034632,0.9415584415584416,0.9484848484848485,46.94889783859253
load_image_segmentation,20,10,10,knn,0.9372294372294372,0.9458874458874459,0.9502164502164502,0.9675324675324676,0.935064935064935,0.9471861471861471,48.822579860687256
load_image_segmentation,20,10,20,knn,0.9437229437229437,0.9458874458874459,0.9588744588744589,0.9675324675324676,0.9393939393939394,0.9510822510822511,19.864556312561035
load_rice,20,10,2,knn,0.9879021171295024,0.9851525982952983,0.9837778388781964,0.9859774539455596,0.9862524058289799,0.9858124828155072,309.1207151412964
load_rice,20,10,4,knn,0.9873522133626615,0.9870772614792411,0.9870772614792411,0.9870772614792411,0.9873522133626615,0.9871872422326092,323.2711319923401
load_rice,20,10,6,knn,0.9895518284300248,0.9881770690129228,0.9870772614792411,0.9873522133626615,0.9862524058289799,0.987682155622766,338.22888135910034
load_rice,20,10,8,knn,0.9895518284300248,0.9870772614792411,0.9892768765466043,0.9854275501787187,0.9898267803134452,0.9882320593896068,352.59810638427734
load_rice,20,10,10,knn,0.987627165246082,0.9879021171295024,0.9884520208963431,0.9870772614792411,0.9890019246631839,0.9880120978828705,366.94012331962585
load_rice,20,10,20,knn,0.9898267803134452,0.9873522133626615,0.9895518284300248,0.987627165246082,0.9890019246631839,0.9886719824030795,147.96001815795898
load_statlog_vehicle,20,10,2,knn,0.7294117647058823,0.6804733727810651,0.7100591715976331,0.7692307692307693,0.6804733727810651,0.713929690219283,12.044291257858276
load_statlog_vehicle,20,10,4,knn,0.7235294117647059,0.6745562130177515,0.7100591715976331,0.727810650887574,0.6982248520710059,0.7068360598677341,12.691233158111572
load_statlog_vehicle,20,10,6,knn,0.7235294117647059,0.6923076923076923,0.727810650887574,0.7455621301775148,0.6804733727810651,0.7139366515837104,13.37594485282898
load_statlog_vehicle,20,10,8,knn,0.7352941176470589,0.6923076923076923,0.7337278106508875,0.7751479289940828,0.6863905325443787,0.72457361642882,14.051620960235596
load_statlog_vehicle,20,10,10,knn,0.7647058823529411,0.6863905325443787,0.7159763313609467,0.7455621301775148,0.7159763313609467,0.7257222415593456,14.678364992141724
load_statlog_vehicle,20,10,20,knn,0.7470588235294118,0.6923076923076923,0.7159763313609467,0.7692307692307693,0.6923076923076923,0.7233762617473024,6.942240238189697
load_gamma_telecope,20,10,2,knn,0.8243953732912723,0.8159831756046267,0.8272870662460567,0.8299158780231335,0.825446898002103,0.8246056782334386,443.5241894721985
load_gamma_telecope,20,10,4,knn,0.8278128286014721,0.8322818086225027,0.8359621451104101,0.8454258675078864,0.8438485804416404,0.8370662460567824,460.3766965866089
load_gamma_telecope,20,10,6,knn,0.8317560462670873,0.8354363827549948,0.8370136698212408,0.8472660357518401,0.8480546792849631,0.8399053627760251,488.5137360095978
load_gamma_telecope,20,10,8,knn,0.832018927444795,0.8385909568874869,0.8409568874868559,0.8462145110410094,0.8538380651945321,0.8423238696109359,498.9697880744934
load_gamma_telecope,20,10,10,knn,0.833596214511041,0.8375394321766562,0.8393796004206099,0.8472660357518401,0.849106203995794,0.841377497371188,552.5493760108948
load_gamma_telecope,20,10,20,knn,0.8359621451104101,0.8378023133543638,0.8375394321766562,0.8467402733964248,0.8517350157728707,0.8419558359621451,188.35921573638916
load_pen_digit_recognition,20,10,2,knn,0.9945429740791268,0.9895407003183265,0.9945404913557779,0.9909008189262967,0.9904458598726115,0.9919941689104279,306.37379574775696
load_pen_digit_recognition,20,10,4,knn,0.9945429740791268,0.9895407003183265,0.9963603275705186,0.9909008189262967,0.9909008189262967,0.992449127964113,311.97780179977417
load_pen_digit_recognition,20,10,6,knn,0.9954524783992724,0.988631195998181,0.9949954504094631,0.9927206551410374,0.9913557779799818,0.992631111585587,325.38277220726013
load_pen_digit_recognition,20,10,8,knn,0.9949977262391997,0.9899954524783993,0.9940855323020928,0.9922656960873522,0.991810737033667,0.9926310288281422,333.51744389533997
load_pen_digit_recognition,20,10,10,knn,0.9949977262391997,0.990450204638472,0.9954504094631483,0.9927206551410374,0.9899909008189263,0.9927219792601566,353.39407205581665
load_pen_digit_recognition,20,10,20,knn,0.9945429740791268,0.9913597089586176,0.9954504094631483,0.9936305732484076,0.9904458598726115,0.9930859051243823,106.68793272972107
load_leaf,20,10,2,knn,0.5735294117647058,0.6617647058823529,0.6176470588235294,0.6470588235294118,0.5882352941176471,0.6176470588235294,5.896389961242676
load_leaf,20,10,4,knn,0.6176470588235294,0.6764705882352942,0.7058823529411765,0.6617647058823529,0.6617647058823529,0.6647058823529411,6.17844820022583
load_leaf,20,10,6,knn,0.5588235294117647,0.7058823529411765,0.7058823529411765,0.6176470588235294,0.6470588235294118,0.6470588235294118,6.329878807067871
load_leaf,20,10,8,knn,0.5147058823529411,0.6323529411764706,0.7205882352941176,0.6470588235294118,0.6911764705882353,0.6411764705882353,6.415469646453857
load_leaf,20,10,10,knn,0.6029411764705882,0.6764705882352942,0.6470588235294118,0.6470588235294118,0.6617647058823529,0.6470588235294117,6.571186542510986
load_leaf,20,10,20,knn,0.5882352941176471,0.6911764705882353,0.6911764705882353,0.6764705882352942,0.6470588235294118,0.6588235294117647,2.817711353302002
load_accent_recognition,20,10,2,knn,0.803030303030303,0.7272727272727273,0.7575757575757576,0.9242424242424242,0.7692307692307693,0.7962703962703963,4.320095062255859
load_accent_recognition,20,10,4,knn,0.8333333333333334,0.7424242424242424,0.7424242424242424,0.9242424242424242,0.8,0.8084848484848486,4.663969039916992
load_accent_recognition,20,10,6,knn,0.8333333333333334,0.7575757575757576,0.7424242424242424,0.9090909090909091,0.8,0.8084848484848484,4.825190544128418
load_accent_recognition,20,10,8,knn,0.7878787878787878,0.7424242424242424,0.696969696969697,0.9090909090909091,0.7846153846153846,0.7841958041958043,5.118988513946533
load_accent_recognition,20,10,10,knn,0.7878787878787878,0.7727272727272727,0.7272727272727273,0.9090909090909091,0.8,0.7993939393939394,5.356029748916626
load_accent_recognition,20,10,20,knn,0.8484848484848485,0.7727272727272727,0.696969696969697,0.8939393939393939,0.7846153846153846,0.7993473193473194,2.7378695011138916
load_statlog_sattelite_image,20,10,2,knn,0.9005439005439005,0.9005439005439005,0.9153069153069153,0.8974358974358975,0.9083139083139083,0.9044289044289044,259.86561846733093
load_statlog_sattelite_image,20,10,4,knn,0.9020979020979021,0.9013209013209014,0.9083139083139083,0.9005439005439005,0.9036519036519036,0.9031857031857033,266.85785579681396
load_statlog_sattelite_image,20,10,6,knn,0.9052059052059052,0.9013209013209014,0.9222999222999223,0.9083139083139083,0.912975912975913,0.9100233100233102,273.27303862571716
load_statlog_sattelite_image,20,10,8,knn,0.905982905982906,0.9005439005439005,0.916083916083916,0.9028749028749029,0.9075369075369075,0.9066045066045068,278.4041302204132
load_statlog_sattelite_image,20,10,10,knn,0.9036519036519036,0.8982128982128982,0.916083916083916,0.9013209013209014,0.9020979020979021,0.9042735042735043,273.196013212204
load_statlog_sattelite_image,20,10,20,knn,0.9044289044289044,0.8958818958818959,0.9176379176379177,0.8997668997668997,0.9013209013209014,0.9038073038073039,70.19559001922607
load_electrical_grid_stability,20,10,2,mix,0.984,0.9805,0.987,0.9775,0.9735,0.9804999999999999,144.3698000907898
load_electrical_grid_stability,20,10,4,mix,0.9875,0.9855,0.988,0.9835,0.979,0.9847000000000001,146.60822081565857
load_electrical_grid_stability,20,10,6,mix,0.9865,0.985,0.989,0.9865,0.988,0.9870000000000001,151.30217838287354
load_electrical_grid_stability,20,10,8,mix,0.9925,0.996,0.9945,0.993,0.991,0.9934,151.57143878936768
load_electrical_grid_stability,20,10,10,mix,0.9905,0.9905,0.9975,0.991,0.994,0.9927000000000001,154.66864657402039
load_electrical_grid_stability,20,10,20,mix,0.979,0.9835,0.986,0.988,0.9835,0.984,50.80783414840698
load_htru_pulsar,20,10,2,mix,0.9678770949720671,0.9678770949720671,0.9717877094972067,0.9715004191114837,0.9681475272422464,0.9694379691590143,183.31561183929443
load_htru_pulsar,20,10,4,mix,0.9770949720670391,0.976536312849162,0.9829608938547486,0.9787650181614976,0.9745739033249511,0.9779862200514797,185.03353834152222
load_htru_pulsar,20,10,6,mix,0.979608938547486,0.9748603351955307,0.9832402234636871,0.9782062028499581,0.9754121262922604,0.9782655652697845,188.44174456596375
load_htru_pulsar,20,10,8,mix,0.9784916201117319,0.9762569832402235,0.982122905027933,0.9784856105057279,0.9762503492595697,0.9783214936290372,194.5431797504425
load_htru_pulsar,20,10,10,mix,0.9779329608938547,0.9748603351955307,0.9843575418994414,0.9790444258172674,0.9770885722268791,0.9786567672065946,202.8529806137085
load_htru_pulsar,20,10,20,mix,0.979608938547486,0.9770949720670391,0.9824022346368715,0.9810002794076558,0.9759709416037999,0.9792154732525704,70.29757404327393
load_image_segmentation,20,10,2,mix,0.9588744588744589,0.961038961038961,0.9545454545454546,0.9632034632034632,0.9523809523809523,0.958008658008658,19.64488911628723
load_image_segmentation,20,10,4,mix,0.9502164502164502,0.9545454545454546,0.9588744588744589,0.9675324675324676,0.9523809523809523,0.9567099567099566,20.90809679031372
load_image_segmentation,20,10,6,mix,0.9502164502164502,0.9567099567099567,0.9567099567099567,0.974025974025974,0.9502164502164502,0.9575757575757576,22.15723466873169
load_image_segmentation,20,10,8,mix,0.961038961038961,0.9675324675324676,0.9502164502164502,0.9653679653679653,0.9588744588744589,0.9606060606060606,23.57882785797119
load_image_segmentation,20,10,10,mix,0.9458874458874459,0.9567099567099567,0.9502164502164502,0.9718614718614719,0.9502164502164502,0.954978354978355,24.74632978439331
load_image_segmentation,20,10,20,mix,0.9632034632034632,0.9718614718614719,0.9696969696969697,0.9783549783549783,0.9696969696969697,0.9705627705627705,9.671871423721313
load_rice,20,10,2,mix,0.9865273577124003,0.983502886994776,0.9848776464118779,0.9862524058289799,0.9851525982952983,0.9852625790486664,141.84676218032837
load_rice,20,10,4,mix,0.9884520208963431,0.9881770690129228,0.9903766840802859,0.9868023095958207,0.9881770690129228,0.9883970305196591,144.51422429084778
load_rice,20,10,6,mix,0.9879021171295024,0.9865273577124003,0.9892768765466043,0.9862524058289799,0.9898267803134452,0.9879571075061863,146.74029684066772
load_rice,20,10,8,mix,0.9890019246631839,0.9887269727797635,0.9892768765466043,0.987627165246082,0.9884520208963431,0.9886169920263954,150.55317497253418
load_rice,20,10,10,mix,0.9901017321968656,0.9890019246631839,0.9909265878471267,0.9881770690129228,0.9881770690129228,0.9892768765466045,155.61731004714966
load_rice,20,10,20,mix,0.9898267803134452,0.9879021171295024,0.9881770690129228,0.9873522133626615,0.9898267803134452,0.9886169920263953,72.08369970321655
load_statlog_vehicle,20,10,2,mix,0.7411764705882353,0.7218934911242604,0.7218934911242604,0.7455621301775148,0.6982248520710059,0.7257500870170553,6.225161552429199
load_statlog_vehicle,20,10,4,mix,0.7764705882352941,0.7159763313609467,0.7692307692307693,0.7337278106508875,0.7159763313609467,0.7422763661677689,6.6999831199646
load_statlog_vehicle,20,10,6,mix,0.7352941176470589,0.6745562130177515,0.7337278106508875,0.7869822485207101,0.7041420118343196,0.7269404803341454,7.2071287631988525
load_statlog_vehicle,20,10,8,mix,0.7176470588235294,0.7159763313609467,0.7159763313609467,0.7396449704142012,0.7100591715976331,0.7198607727114514,7.737415313720703
load_statlog_vehicle,20,10,10,mix,0.7705882352941177,0.7100591715976331,0.757396449704142,0.757396449704142,0.6982248520710059,0.7387330316742081,8.181883573532104
load_statlog_vehicle,20,10,20,mix,0.7705882352941177,0.7041420118343196,0.7455621301775148,0.7396449704142012,0.727810650887574,0.7375495997215455,3.496284008026123
load_gamma_telecope,20,10,2,mix,0.8222923238696109,0.8267613038906414,0.8280757097791798,0.8291272344900105,0.8309674027339643,0.8274447949526815,193.65663027763367
load_gamma_telecope,20,10,4,mix,0.8346477392218717,0.8351735015772871,0.842534174553102,0.8477917981072555,0.8430599369085173,0.8406414300736067,202.74033737182617
load_gamma_telecope,20,10,6,mix,0.841745531019979,0.8356992639327024,0.8435856992639327,0.8470031545741324,0.8525236593059937,0.8441114616193481,212.06551241874695
load_gamma_telecope,20,10,8,mix,0.8454258675078864,0.8456887486855941,0.844111461619348,0.8488433228180863,0.8496319663512093,0.8467402733964248,224.03659892082214
load_gamma_telecope,20,10,10,mix,0.8443743427970557,0.844900105152471,0.8456887486855941,0.8462145110410094,0.8527865404837014,0.8467928496319663,235.48811841011047
load_gamma_telecope,20,10,20,mix,0.844900105152471,0.8456887486855941,0.8462145110410094,0.8541009463722398,0.8577812828601472,0.8497371188222923,83.12176632881165
load_pen_digit_recognition,20,10,2,mix,0.9927239654388358,0.98681218735789,0.9954504094631483,0.991810737033667,0.991810737033667,0.9917216072654416,144.70731115341187
load_pen_digit_recognition,20,10,4,mix,0.9949977262391997,0.9927239654388358,0.9963603275705186,0.9927206551410374,0.9922656960873522,0.9938136740953887,149.91487383842468
load_pen_digit_recognition,20,10,6,mix,0.9949977262391997,0.9927239654388358,0.9940855323020928,0.9913557779799818,0.9913557779799818,0.9929037559880183,157.53521871566772
load_pen_digit_recognition,20,10,8,mix,0.9959072305593452,0.9927239654388358,0.9959053685168335,0.9931756141947224,0.9931756141947224,0.994177558580892,164.57585215568542
load_pen_digit_recognition,20,10,10,mix,0.9945429740791268,0.9913597089586176,0.9949954504094631,0.9931756141947224,0.9936305732484076,0.9935408641780675,172.94158387184143
load_pen_digit_recognition,20,10,20,mix,0.9945429740791268,0.9913597089586176,0.9954504094631483,0.9904458598726115,0.9931756141947224,0.9929949133136453,47.42816686630249
load_leaf,20,10,2,mix,0.6029411764705882,0.6764705882352942,0.7205882352941176,0.6764705882352942,0.6323529411764706,0.661764705882353,3.6700809001922607
load_leaf,20,10,4,mix,0.6323529411764706,0.6470588235294118,0.6617647058823529,0.6470588235294118,0.6176470588235294,0.6411764705882352,3.9039206504821777
load_leaf,20,10,6,mix,0.6470588235294118,0.7205882352941176,0.7205882352941176,0.6764705882352942,0.7058823529411765,0.6941176470588235,4.141575574874878
load_leaf,20,10,8,mix,0.6176470588235294,0.7352941176470589,0.7058823529411765,0.6764705882352942,0.6470588235294118,0.6764705882352942,4.345384359359741
load_leaf,20,10,10,mix,0.6470588235294118,0.6764705882352942,0.75,0.6617647058823529,0.6764705882352942,0.6823529411764706,4.476319313049316
load_leaf,20,10,20,mix,0.6470588235294118,0.7794117647058824,0.7352941176470589,0.6617647058823529,0.6911764705882353,0.7029411764705882,1.689012050628662
load_accent_recognition,20,10,2,mix,0.803030303030303,0.7878787878787878,0.803030303030303,0.9090909090909091,0.8,0.8206060606060606,2.290773630142212
load_accent_recognition,20,10,4,mix,0.7878787878787878,0.7727272727272727,0.7575757575757576,0.8939393939393939,0.8307692307692308,0.8085780885780887,2.443821430206299
load_accent_recognition,20,10,6,mix,0.8484848484848485,0.7878787878787878,0.7424242424242424,0.8939393939393939,0.7846153846153846,0.8114685314685316,2.6367697715759277
load_accent_recognition,20,10,8,mix,0.803030303030303,0.7727272727272727,0.7424242424242424,0.8787878787878788,0.8,0.7993939393939394,2.718322515487671
load_accent_recognition,20,10,10,mix,0.7878787878787878,0.7272727272727273,0.7424242424242424,0.8484848484848485,0.8153846153846154,0.7842890442890443,2.9072985649108887
load_accent_recognition,20,10,20,mix,0.8181818181818182,0.7575757575757576,0.7424242424242424,0.8939393939393939,0.8461538461538461,0.8116550116550117,1.384533166885376
load_statlog_sattelite_image,20,10,2,mix,0.9028749028749029,0.8943278943278943,0.9137529137529138,0.9028749028749029,0.9028749028749029,0.9033411033411033,112.73668766021729
load_statlog_sattelite_image,20,10,4,mix,0.8997668997668997,0.8997668997668997,0.9168609168609169,0.8982128982128982,0.9075369075369075,0.9044289044289044,116.14099144935608
load_statlog_sattelite_image,20,10,6,mix,0.9020979020979021,0.8966588966588966,0.9222999222999223,0.9005439005439005,0.916083916083916,0.9075369075369075,120.56708359718323
load_statlog_sattelite_image,20,10,8,mix,0.9005439005439005,0.9036519036519036,0.912975912975913,0.9106449106449106,0.9067599067599068,0.9069153069153069,124.15782117843628
load_statlog_sattelite_image,20,10,10,mix,0.9083139083139083,0.9083139083139083,0.9238539238539238,0.9090909090909091,0.8997668997668997,0.9098679098679099,130.59335589408875
load_statlog_sattelite_image,20,10,20,mix,0.912975912975913,0.9005439005439005,0.9215229215229215,0.9121989121989122,0.916083916083916,0.9126651126651126,32.127432346343994
