,tree_2,tree_4,tree_6,tree_8,tree_10,tree_20,perceptron_2,perceptron_4,perceptron_6,perceptron_8,perceptron_10,perceptron_20,naive-bayes_2,naive-bayes_4,naive-bayes_6,naive-bayes_8,naive-bayes_10,naive-bayes_20,knn_2,knn_4,knn_6,knn_8,knn_10,knn_20,mix_2,mix_4,mix_6,mix_8,mix_10,mix_20,tree_1,tree_3,tree_5,tree_7,tree_9,perceptron_1,perceptron_3,perceptron_5,perceptron_7,perceptron_9,naive-bayes_1,naive-bayes_3,naive-bayes_5,naive-bayes_7,naive-bayes_9,knn_1,knn_3,knn_5,knn_7,knn_9,mix_1,mix_3,mix_5,mix_7,mix_9,tree_11,tree_12,tree_13,tree_14,tree_15,tree_16,tree_17,tree_18,tree_19,perceptron_11,perceptron_12,perceptron_13,perceptron_14,perceptron_15,perceptron_16,perceptron_17,perceptron_18,perceptron_19,naive-bayes_11,naive-bayes_12,naive-bayes_13,naive-bayes_14,naive-bayes_15,naive-bayes_16,naive-bayes_17,naive-bayes_18,naive-bayes_19,knn_11,knn_12,knn_13,knn_14,knn_15,knn_16,knn_17,knn_18,knn_19,mix_11,mix_12,mix_13,mix_14,mix_15,mix_16,mix_17,mix_18,mix_19
tree_2,1.0,0.9,0.9,0.9,0.9,0.9,0.9,0.9,0.9,0.9,0.9,0.9,0.9,0.9,0.9,0.9,0.9,0.9,0.9,0.9,0.9,0.9,0.9,0.9,0.9,0.9,0.9,0.9,0.9,0.9,0.9,0.9,0.9,0.9,0.9,0.9,0.9,0.9,0.9,0.9,0.9,0.9,0.9,0.9,0.9,0.9,0.9,0.9,0.9,0.9,0.9,0.9,0.9,0.9,0.9,0.9,0.9,0.9,0.9,0.8200792335171417,0.9,0.7661413613339878,0.9,0.8949924865793355,0.9,0.9,0.9,0.9,0.9,0.9,0.9,0.9,0.9,0.9,0.9,0.9,0.9,0.9,0.9,0.9,0.9,0.9,0.9,0.9,0.9,0.9,0.9,0.9,0.9,0.9,0.9,0.9,0.9,0.9,0.9,0.9,0.9,0.9,0.9,0.8860022956597373
tree_4,0.9,1.0,0.9,0.9,0.9,0.9,0.6402893553861617,0.8440527129055094,0.850045738859347,0.7511602786107032,0.8889980116229161,0.6283037790922638,0.6882339821933925,0.793110862704006,0.9,0.9,0.9,0.9,0.9,0.9,0.9,0.9,0.9,0.9,0.9,0.9,0.9,0.9,0.9,0.9,0.9,0.9,0.9,0.9,0.9,0.49387295578011803,0.9,0.5623795391925179,0.9,0.6103245030438935,0.6043304950181523,0.9,0.9,0.9,0.8650245417549889,0.9,0.9,0.9,0.9,0.9,0.9,0.9,0.9,0.9,0.9,0.9,0.9,0.9,0.9,0.9,0.9,0.9,0.9,0.9,0.8710197664879016,0.793110862704006,0.9,0.8080933730911668,0.7092100418535012,0.8680240865510536,0.5863518438241575,0.9,0.7241928416424726,0.9,0.9,0.9,0.9,0.9,0.9,0.9,0.8560381495086484,0.9,0.9,0.9,0.9,0.9,0.9,0.9,0.9,0.9,0.9,0.9,0.9,0.9,0.9,0.9,0.9,0.9,0.9,0.9
tree_6,0.9,0.9,1.0,0.9,0.9,0.9,0.35282170642113697,0.5743675924801903,0.5803569988685577,0.48219881027512557,0.6193135386624764,0.3385944213893268,0.4117963973023441,0.5234246176047741,0.8949924865793364,0.8440527129055108,0.7901132012847418,0.9,0.9,0.9,0.9,0.9,0.9,0.9,0.9,0.9,0.9,0.9,0.9,0.9,0.9,0.9,0.9,0.9,0.9,0.2137026770903685,0.7062109347503502,0.27293707808711587,0.6942262551114382,0.31914822285371314,0.3133873528993074,0.8140876288929653,0.9,0.7391727475527807,0.5953410236738602,0.9,0.9,0.9,0.9,0.9,0.9,0.9,0.9,0.9,0.9,0.9,0.9,0.9,0.9,0.9,0.9,0.9,0.9,0.9,0.6013343890442389,0.5234246176047741,0.7092100418535012,0.5384066959216418,0.43680786362016943,0.5983381520894824,0.29599311053795707,0.6462824037458685,0.45380701806431833,0.9,0.8919977557123421,0.8140876288929653,0.9,0.9,0.8200792335171426,0.766141361333988,0.5863518438241585,0.9,0.9,0.9,0.9,0.9,0.9,0.9,0.9,0.9,0.9,0.9,0.9,0.9,0.9,0.9,0.9,0.9,0.9,0.9
tree_8,0.9,0.9,0.9,1.0,0.9,0.9,0.013289898233044273,0.03941306323218019,0.04061412270524667,0.024249956436628195,0.04902413953933671,0.012416884674070316,0.017352894783984163,0.030300561994744957,0.16672945140550965,0.13393879209758908,0.10813177593382728,0.22834067908530098,0.9,0.9,0.9,0.9,0.9,0.9,0.9,0.9,0.9,0.9,0.9,0.9,0.9,0.9,0.9,0.9,0.9,0.0056632199116183335,0.07524413994789014,0.008505655524987832,0.07110261825776587,0.011207035982854552,0.010828330729009794,0.12066846793870567,0.2533823036453303,0.08719387868419948,0.04372566315040294,0.9,0.9,0.9,0.9,0.9,0.9,0.9,0.9,0.9,0.9,0.9,0.9,0.9,0.9,0.9,0.9,0.9,0.9,0.9,0.04501300804020325,0.030300561994744957,0.07630114927076015,0.03277756686920785,0.019442224899256733,0.044368402160809395,0.009765725326187469,0.056111558837629416,0.02106213195994977,0.26166167353790937,0.16470273158397264,0.12066846793870567,0.19721634286002532,0.40813790817505713,0.123888326339191,0.09650912736088946,0.041840364786850714,0.19266927591721483,0.9,0.9,0.9,0.9,0.9,0.9,0.9,0.9,0.9,0.9,0.9,0.9,0.9,0.9,0.9,0.9,0.9,0.9
tree_10,0.9,0.9,0.9,0.9,1.0,0.9,0.054434475249317105,0.13393879209758908,0.13751060938677173,0.08983774695391367,0.16269126964694947,0.0512201375406266,0.06908087447571354,0.10965877561906068,0.4226622979547199,0.36008301296081824,0.30179860837588124,0.5114402264527076,0.9,0.9,0.9,0.9,0.9,0.9,0.9,0.9,0.9,0.9,0.9,0.9,0.9,0.9,0.9,0.9,0.9,0.025826214237688383,0.22587924214082045,0.03709421858355133,0.21611657462419165,0.046990824968410894,0.04566673458873094,0.3248766171964069,0.5414067830967725,0.2533823036453303,0.1469430134144043,0.9,0.9,0.9,0.9,0.9,0.9,0.9,0.9,0.9,0.9,0.9,0.9,0.9,0.9,0.9,0.9,0.9,0.9,0.9,0.15086371480068173,0.10965877561906068,0.22834067908530098,0.11747647222326518,0.07630114927076015,0.14890828615043783,0.041840364786850714,0.17955970165438484,0.08168323752804751,0.5503944655646471,0.4190604431424858,0.3248766171964069,0.4730621113165858,0.6852366913648278,0.3316571006814324,0.2786530009542798,0.14120126772297037,0.4667884429959468,0.9,0.9,0.9,0.9,0.9,0.9,0.9,0.9,0.9,0.9,0.9,0.9,0.9,0.9,0.9,0.9,0.9,0.9
tree_20,0.9,0.9,0.9,0.9,0.9,1.0,0.0017903047244142156,0.006304712022581205,0.006533675653881854,0.00358691274594658,0.008215189424773395,0.0016590905548358181,0.0024250875993597765,0.004641158325724648,0.03709421858355133,0.028434292474681655,0.021399715065949954,0.056111558837629416,0.9,0.9,0.9,0.9,0.9,0.9,0.9,0.9,0.9,0.9,0.9,0.9,0.9,0.9,0.9,0.9,0.9,0.001,0.013515784874639558,0.0010808110521577374,0.012629555253833802,0.0014758075472297572,0.0014214571507954465,0.024249956436628195,0.06516345152845271,0.0162437986466738,0.007139424976026931,0.9,0.9,0.9,0.9,0.9,0.9,0.9,0.9,0.9,0.9,0.9,0.9,0.9,0.9,0.9,0.9,0.9,0.9,0.9,0.007397818141832491,0.004641158325724648,0.013746270482751344,0.005080630873769421,0.0027661256399210687,0.00726765625025616,0.0012645032982010473,0.009598552392166226,0.0030355710518440437,0.06808868043529792,0.036532106886363214,0.024249956436628195,0.04632600669369391,0.123888326339191,0.025009113516487824,0.018825027386257243,0.006769578020808686,0.04501300804020325,0.9,0.9,0.9,0.9,0.9,0.9,0.9,0.9,0.9,0.9,0.9,0.9,0.9,0.9,0.9,0.9,0.9,0.9
perceptron_2,0.9,0.6402893553861617,0.35282170642113697,0.013289898233044273,0.054434475249317105,0.0017903047244142156,1.0,0.9,0.9,0.9,0.9,0.9,0.9,0.9,0.9,0.9,0.9,0.9,0.9,0.9,0.9,0.9,0.9,0.7181970435231182,0.9,0.4297880534123334,0.07524413994789014,0.05526898855981899,0.01975763989331747,0.00352135157499045,0.9,0.43331125937277126,0.32487661719640937,0.06710436466640501,0.012847078169263781,0.9,0.9,0.9,0.9,0.9,0.9,0.9,0.9,0.9,0.9,0.9,0.9,0.9,0.9,0.8740184735988131,0.9,0.5204276365397704,0.06808868043529792,0.07736278777214722,0.054434475249317105,0.01975763989331747,0.006192681983527404,0.0025641058653051996,0.0025192779517843045,0.001,0.004727124110169401,0.001,0.004813487741092803,0.001,0.9,0.9,0.9,0.9,0.9,0.9,0.9,0.9,0.9,0.9,0.9,0.9,0.9,0.9,0.9,0.9,0.9,0.9,0.9,0.7361799401322577,0.5803569988685573,0.7451660395660074,0.4297880534123334,0.4117963973023441,0.6732529252494925,0.5533891632911065,0.7421717352340361,0.09113214898648281,0.024249956436628195,0.004084578939287931,0.01199972639283775,0.010461754782181365,0.008215189424773395,0.015976583524435872,0.0018594326556593543,0.001
perceptron_4,0.9,0.8440527129055094,0.5743675924801903,0.03941306323218019,0.13393879209758908,0.006304712022581205,0.9,1.0,0.9,0.9,0.9,0.9,0.9,0.9,0.9,0.9,0.9,0.9,0.9,0.9,0.9,0.9,0.9,0.9,0.9,0.6372935184517372,0.175385762097107,0.1357100522926159,0.056111558837629416,0.011797038255680126,0.9,0.6402893553861617,0.5503944655646471,0.16068398181063814,0.0382421925853732,0.9,0.9,0.9,0.9,0.9,0.9,0.9,0.9,0.9,0.9,0.9,0.9,0.9,0.9,0.9,0.9,0.7241928416424726,0.16269126964694947,0.17955970165438484,0.13393879209758908,0.056111558837629416,0.01975763989331769,0.00880742871216289,0.008655936353652582,0.0019311157567807324,0.015456731678984759,0.0013668371494910403,0.015714619871007418,0.003094932842915288,0.9,0.9,0.9,0.9,0.9,0.9,0.9,0.9,0.9,0.9,0.9,0.9,0.9,0.9,0.9,0.9,0.9,0.9,0.9,0.9,0.7841232597182933,0.9,0.6372935184517372,0.6223101512132438,0.8770138045324537,0.757152924525382,0.9,0.21129916609434185,0.06808868043531657,0.013515784874639558,0.035976063836563044,0.0317669540684441,0.025415018214431373,0.04632600669369391,0.006533675653881854,0.0029240440708622195
perceptron_6,0.9,0.850045738859347,0.5803569988685577,0.04061412270524667,0.13751060938677173,0.006533675653881854,0.9,0.9,1.0,0.9,0.9,0.9,0.9,0.9,0.9,0.9,0.9,0.9,0.9,0.9,0.9,0.9,0.9,0.9,0.9,0.6432850435491977,0.1795597016543854,0.13934062010795645,0.05783120508691564,0.012207438260859682,0.9,0.6462824037458684,0.5563855325546336,0.16470273158397297,0.03941306323218019,0.9,0.9,0.9,0.9,0.9,0.9,0.9,0.9,0.9,0.9,0.9,0.9,0.9,0.9,0.9,0.9,0.7301846850209865,0.16672945140550965,0.18383422036569164,0.13751060938677173,0.05783120508691564,0.020401575613871903,0.009117342105579795,0.008958968306424397,0.002005722246168018,0.015976583524435872,0.0014214571507954465,0.01624379864667358,0.0032104139796278464,0.9,0.9,0.9,0.9,0.9,0.9,0.9,0.9,0.9,0.9,0.9,0.9,0.9,0.9,0.9,0.9,0.9,0.9,0.9,0.9,0.7901132012847418,0.9,0.6432850435491977,0.6283037790922645,0.8830068337440453,0.7631466734385554,0.9,0.21611657462419187,0.07008579328291775,0.013977003636686192,0.03709421858355133,0.032777566869207964,0.026247836190061324,0.04766398358112556,0.006769578020808575,0.0030355710518440437
perceptron_8,0.9,0.7511602786107032,0.48219881027512557,0.024249956436628195,0.08983774695391367,0.00358691274594658,0.9,0.9,0.9,1.0,0.9,0.9,0.9,0.9,0.9,0.9,0.9,0.9,0.9,0.9,0.9,0.9,0.9,0.8290699125168457,0.9,0.544402551058624,0.12227729096879225,0.09113214898643984,0.0354271624764706,0.006891630559933581,0.9,0.5473991349222826,0.4571063058554653,0.10965877561917414,0.023510925615728873,0.9,0.9,0.9,0.9,0.9,0.9,0.9,0.9,0.9,0.9,0.9,0.9,0.9,0.9,0.9,0.9,0.6313009759476593,0.11119552824977808,0.12499745891822578,0.08983774695391367,0.0354271624764706,0.011797038255680237,0.005080630873769421,0.00499275670874233,0.00105943015825527,0.009117342105579795,0.001,0.00927396679235104,0.001720309617556648,0.9,0.9,0.9,0.9,0.9,0.9,0.9,0.9,0.9,0.9,0.9,0.9,0.9,0.9,0.9,0.9,0.9,0.9,0.9,0.8470481183820078,0.6912286832658481,0.8560381495086484,0.544402551058624,0.5294165629472743,0.7841232597182936,0.6642617107671027,0.8530415020091512,0.1469430134144586,0.043090941271104355,0.007933883781512163,0.022085348604231392,0.019442224899256844,0.015456731678984759,0.028889581061220637,0.003725264209304746,0.0016243843208675335
perceptron_10,0.9,0.8889980116229161,0.6193135386624764,0.04902413953933671,0.16269126964694947,0.008215189424773395,0.9,0.9,0.9,0.9,1.0,0.9,0.9,0.9,0.9,0.9,0.9,0.9,0.9,0.9,0.9,0.9,0.9,0.9,0.9,0.6822402890145236,0.20891015990165662,0.1647027315839733,0.07008579328304243,0.015201909440677785,0.9,0.6852366913648283,0.5953410236738602,0.19042784591632544,0.04766398358112478,0.9,0.9,0.9,0.9,0.9,0.9,0.9,0.9,0.9,0.9,0.9,0.9,0.9,0.9,0.9,0.9,0.7691402959807263,0.19266927591721483,0.21370267709037127,0.16269126964694947,0.07008579328304243,0.025009113516487824,0.011401525758732878,0.011207035982854552,0.0025641058653051996,0.01975763989331769,0.0018244767849907584,0.020077451296721116,0.004084578939287042,0.9,0.9,0.9,0.9,0.9,0.9,0.9,0.9,0.9,0.9,0.9,0.9,0.9,0.9,0.9,0.9,0.9,0.9,0.9,0.9,0.8290699125168457,0.9,0.6822402890145236,0.6672552743296456,0.9,0.8021027058282783,0.9,0.24796813742689727,0.08387430901199733,0.017352894783984274,0.04501300804020325,0.04001207015458974,0.03227070453926251,0.05783120508691564,0.008505655524987832,0.003864003211837108
perceptron_20,0.9,0.6283037790922638,0.3385944213893268,0.012416884674070316,0.0512201375406266,0.0016590905548358181,0.9,0.9,0.9,0.9,0.9,1.0,0.9,0.9,0.9,0.9,0.9,0.9,0.9,0.9,0.9,0.9,0.9,0.7062109347503498,0.9,0.415438356835235,0.07110261825770792,0.05200611942550337,0.01852160350662646,0.003270404444485342,0.9,0.4190604431424858,0.3133873528993042,0.06326518249648405,0.01199972639283775,0.9,0.9,0.9,0.9,0.9,0.9,0.9,0.9,0.9,0.9,0.9,0.9,0.9,0.9,0.8620298558264581,0.9,0.508440418483646,0.06420881307187609,0.07315492374232668,0.0512201375406266,0.01852160350662646,0.0057652420996463505,0.002377314710680367,0.002334559272875625,0.001,0.0043934918656389765,0.001,0.004473695520841314,0.001,0.9,0.9,0.9,0.9,0.9,0.9,0.9,0.9,0.9,0.9,0.9,0.9,0.9,0.9,0.9,0.9,0.9,0.9,0.9,0.7241928416424726,0.5683719299973653,0.7331797024687295,0.415438356835235,0.39707574056935147,0.6612660607072198,0.541406783096775,0.7301846850209865,0.08749858817224343,0.022790533999450302,0.003791952393612519,0.011207035982854552,0.009765725326187469,0.007660519715672609,0.01495004538747513,0.001720309617556648,0.001
naive-bayes_2,0.9,0.6882339821933925,0.4117963973023441,0.017352894783984163,0.06908087447571354,0.0024250875993597765,0.9,0.9,0.9,0.9,0.9,0.9,1.0,0.9,0.9,0.9,0.9,0.9,0.9,0.9,0.9,0.9,0.9,0.7661413613339878,0.9,0.4821988102751237,0.09113214898648281,0.07008579328291775,0.025415018214431595,0.004727124110169401,0.9,0.4851714825635077,0.3822230176516431,0.08387430901201454,0.016787985465340327,0.9,0.9,0.9,0.9,0.9,0.9,0.9,0.9,0.9,0.9,0.9,0.9,0.9,0.9,0.9,0.9,0.5683719299973653,0.08497713215940184,0.09378446464448464,0.06908087447571354,0.025415018214431595,0.008215189424773395,0.00345854504177856,0.003396693388504457,0.001,0.006304712022581205,0.001,0.006418408208690329,0.0011461699349744059,0.9,0.9,0.9,0.9,0.9,0.9,0.9,0.9,0.9,0.9,0.9,0.9,0.9,0.9,0.9,0.9,0.9,0.9,0.9,0.7841232597182933,0.6283037790922638,0.793110862704006,0.4821988102751237,0.46678844299594535,0.7211932453367318,0.6013343890442384,0.7901132012847418,0.11431234229847231,0.03126839077260224,0.0054618029181573435,0.015714619871007307,0.013746270482751344,0.010828330729009794,0.020731050695085962,0.0025192779517843045,0.0010808110521577374
naive-bayes_4,0.9,0.793110862704006,0.5234246176047741,0.030300561994744957,0.10965877561906068,0.004641158325724648,0.9,0.9,0.9,0.9,0.9,0.9,0.9,1.0,0.9,0.9,0.9,0.9,0.9,0.9,0.9,0.9,0.9,0.871019766487902,0.9,0.5863518438241585,0.14308688316175955,0.11119552824977808,0.04372566315040294,0.00880742871216289,0.9,0.5893495842720444,0.49949486908087337,0.12880195456413412,0.02935277247063639,0.9,0.9,0.9,0.9,0.9,0.9,0.9,0.9,0.9,0.9,0.9,0.9,0.9,0.9,0.9,0.9,0.6732529252494922,0.13048572066045117,0.1469430134144043,0.10965877561906068,0.04372566315040294,0.01495004538747513,0.006533675653881854,0.006418408208690329,0.0013934772279484697,0.011598375410323158,0.001,0.011797038255680237,0.0022460348516485373,0.9,0.9,0.9,0.9,0.9,0.9,0.9,0.9,0.9,0.9,0.9,0.9,0.9,0.9,0.9,0.9,0.9,0.9,0.9,0.8889980116229161,0.7331797024687295,0.8979922667791429,0.5863518438241585,0.5713693760757115,0.8260726410518124,0.7062109347503498,0.8949924865793359,0.17490841012490588,0.05280735381504742,0.010106486825303351,0.027541581647945623,0.024249956436628195,0.019442224899256733,0.035976063836563044,0.004813487741092803,0.0021224971769666645
naive-bayes_6,0.9,0.9,0.8949924865793364,0.16672945140550965,0.4226622979547199,0.03709421858355133,0.9,0.9,0.9,0.9,0.9,0.9,0.9,0.9,1.0,0.9,0.9,0.9,0.9,0.9,0.9,0.9,0.9,0.9,0.9,0.9,0.493872955780119,0.4262384790623708,0.2185410756852243,0.06326518249648405,0.9,0.9,0.871019766487902,0.46994629447994263,0.16269126964694947,0.9,0.9,0.9,0.9,0.9,0.9,0.9,0.9,0.9,0.9,0.9,0.9,0.9,0.9,0.9,0.9,0.9,0.4730621113165858,0.49949486908087337,0.4226622979547199,0.2185410756852243,0.09513759157977852,0.04902413953933671,0.04833810998104571,0.013289898233044273,0.07951011279998843,0.009765725326187469,0.08059297446311253,0.020077451296721005,0.9,0.9,0.9,0.9,0.9,0.9,0.9,0.9,0.9,0.9,0.9,0.9,0.9,0.9,0.9,0.9,0.9,0.9,0.9,0.9,0.9,0.9,0.9,0.9,0.9,0.9,0.9,0.541406783096775,0.25066427728378193,0.07110261825770792,0.15474697293714168,0.13934062010795645,0.11906803680141087,0.1882072700813897,0.038242192585373314,0.01913220252010539
naive-bayes_8,0.9,0.9,0.8440527129055108,0.13393879209758908,0.36008301296081824,0.028434292474681655,0.9,0.9,0.9,0.9,0.9,0.9,0.9,0.9,0.9,1.0,0.9,0.9,0.9,0.9,0.9,0.9,0.9,0.9,0.9,0.9,0.44027141401530745,0.36374108520889525,0.17955970165438484,0.04902413953933671,0.9,0.9,0.8200792335171415,0.4117963973023475,0.13048572066045916,0.9,0.9,0.9,0.9,0.9,0.9,0.9,0.9,0.9,0.9,0.9,0.9,0.9,0.9,0.9,0.9,0.9,0.415438356835235,0.44710652831341136,0.36008301296081824,0.17955970165438484,0.07736278777202099,0.0382421925853732,0.037667975684616994,0.009932840402677168,0.062331547836877776,0.007267656250256049,0.06326518249648172,0.015201909440677785,0.9,0.9,0.9,0.9,0.9,0.9,0.9,0.9,0.9,0.9,0.9,0.9,0.9,0.9,0.9,0.9,0.9,0.9,0.9,0.9,0.9,0.9,0.9,0.8919977557123421,0.9,0.9,0.9,0.49100514002550344,0.20891015990165662,0.05526898855981899,0.12500122417066784,0.11431234229844922,0.09378446464448464,0.15474697293714168,0.02935277247063639,0.014455889395371346
naive-bayes_10,0.9,0.9,0.7901132012847418,0.10813177593382728,0.30179860837588124,0.021399715065949954,0.9,0.9,0.9,0.9,0.9,0.9,0.9,0.9,0.9,0.9,1.0,0.9,0.9,0.9,0.9,0.9,0.9,0.9,0.9,0.8530415020091512,0.3748044292417343,0.3046988475422491,0.14499980114356414,0.037667975684616994,0.9,0.8560381495086492,0.7661413613339878,0.34565668975602226,0.10512692927810507,0.9,0.9,0.9,0.9,0.9,0.9,0.9,0.9,0.9,0.9,0.9,0.9,0.9,0.9,0.9,0.9,0.9,0.3492245114963255,0.3822230176516431,0.30179860837588124,0.14499980114356414,0.059600187809534466,0.028889581061220637,0.028434292474681655,0.00726765625025616,0.04766398358112556,0.005271046942989965,0.04833810998104571,0.011207035982854552,0.9,0.9,0.9,0.9,0.9,0.9,0.9,0.9,0.9,0.9,0.9,0.9,0.9,0.9,0.9,0.9,0.9,0.9,0.9,0.9,0.9,0.9,0.8530415020091512,0.838060215783357,0.9,0.9,0.9,0.43331125937277126,0.170805474197123,0.04246325786257332,0.09930826487472422,0.08856011213831494,0.07524413994789014,0.12499745891820813,0.022085348604231392,0.010643492312815583
naive-bayes_20,0.9,0.9,0.9,0.22834067908530098,0.5114402264527076,0.056111558837629416,0.9,0.9,0.9,0.9,0.9,0.9,0.9,0.9,0.9,0.9,0.9,1.0,0.9,0.9,0.9,0.9,0.9,0.9,0.9,0.9,0.5773625453159714,0.5144340621744388,0.2930891717034254,0.09113214898648281,0.9,0.9,0.9,0.5533891632911065,0.2234227198835007,0.9,0.9,0.9,0.9,0.9,0.9,0.9,0.9,0.9,0.9,0.9,0.9,0.9,0.9,0.9,0.9,0.9,0.5563855325546335,0.5833561998610506,0.5114402264527076,0.2930891717034254,0.1357100522926159,0.07419791919564334,0.07315492374232668,0.02106213195994977,0.11431234229844922,0.015714619871007418,0.1158911410164245,0.03126839077260224,0.9,0.9,0.9,0.9,0.9,0.9,0.9,0.9,0.9,0.9,0.9,0.9,0.9,0.9,0.9,0.9,0.9,0.9,0.9,0.9,0.9,0.9,0.9,0.9,0.9,0.9,0.9,0.6253067431973383,0.3316571006814334,0.10218322751954445,0.21370267709037127,0.19493047412139908,0.16672945140551032,0.2561221060868316,0.05783120508691564,0.029821397282453255
knn_2,0.9,0.9,0.9,0.9,0.9,0.9,0.9,0.9,0.9,0.9,0.9,0.9,0.9,0.9,0.9,0.9,0.9,0.9,1.0,0.9,0.9,0.9,0.9,0.9,0.9,0.9,0.9,0.9,0.9,0.9,0.9,0.9,0.9,0.9,0.9,0.9,0.9,0.9,0.9,0.9,0.9,0.9,0.9,0.9,0.9,0.9,0.9,0.9,0.9,0.9,0.9,0.9,0.9,0.9,0.9,0.9,0.9,0.9,0.9,0.7511602786107032,0.9,0.6972219738386933,0.9,0.8260726410518124,0.9,0.9,0.9,0.9,0.9,0.9,0.9,0.9,0.9,0.9,0.9,0.9,0.9,0.9,0.9,0.9,0.9,0.9,0.9,0.9,0.9,0.9,0.9,0.9,0.9,0.9,0.9,0.9,0.9,0.9,0.9,0.9,0.9,0.9,0.9,0.8170845238754738
knn_4,0.9,0.9,0.9,0.9,0.9,0.9,0.9,0.9,0.9,0.9,0.9,0.9,0.9,0.9,0.9,0.9,0.9,0.9,0.9,1.0,0.9,0.9,0.9,0.9,0.9,0.9,0.9,0.9,0.9,0.9,0.9,0.9,0.9,0.9,0.9,0.9,0.9,0.9,0.9,0.9,0.9,0.9,0.9,0.9,0.9,0.9,0.9,0.9,0.9,0.9,0.9,0.9,0.9,0.9,0.9,0.9,0.9,0.9,0.9,0.9,0.9,0.9,0.9,0.9,0.9,0.9,0.9,0.9,0.9,0.9,0.9,0.9,0.9,0.9,0.9,0.9,0.9,0.9,0.9,0.9,0.9,0.9,0.9,0.9,0.9,0.9,0.9,0.9,0.9,0.9,0.9,0.9,0.9,0.9,0.9,0.9,0.9,0.9,0.9,0.9
knn_6,0.9,0.9,0.9,0.9,0.9,0.9,0.9,0.9,0.9,0.9,0.9,0.9,0.9,0.9,0.9,0.9,0.9,0.9,0.9,0.9,1.0,0.9,0.9,0.9,0.9,0.9,0.9,0.9,0.9,0.9,0.9,0.9,0.9,0.9,0.9,0.8021027058282776,0.9,0.8710197664879016,0.9,0.9,0.9,0.9,0.9,0.9,0.9,0.9,0.9,0.9,0.9,0.9,0.9,0.9,0.9,0.9,0.9,0.9,0.9,0.9,0.9,0.9,0.9,0.9,0.9,0.9,0.9,0.9,0.9,0.9,0.9,0.9,0.8949924865793359,0.9,0.9,0.9,0.9,0.9,0.9,0.9,0.9,0.9,0.9,0.9,0.9,0.9,0.9,0.9,0.9,0.9,0.9,0.9,0.9,0.9,0.9,0.9,0.9,0.9,0.9,0.9,0.9,0.9
knn_8,0.9,0.9,0.9,0.9,0.9,0.9,0.9,0.9,0.9,0.9,0.9,0.9,0.9,0.9,0.9,0.9,0.9,0.9,0.9,0.9,0.9,1.0,0.9,0.9,0.9,0.9,0.9,0.9,0.9,0.9,0.9,0.9,0.9,0.9,0.9,0.8470481183820077,0.9,0.9,0.9,0.9,0.9,0.9,0.9,0.9,0.9,0.9,0.9,0.9,0.9,0.9,0.9,0.9,0.9,0.9,0.9,0.9,0.9,0.9,0.9,0.9,0.9,0.9,0.9,0.9,0.9,0.9,0.9,0.9,0.9,0.9,0.9,0.9,0.9,0.9,0.9,0.9,0.9,0.9,0.9,0.9,0.9,0.9,0.9,0.9,0.9,0.9,0.9,0.9,0.9,0.9,0.9,0.9,0.9,0.9,0.9,0.9,0.9,0.9,0.9,0.9
knn_10,0.9,0.9,0.9,0.9,0.9,0.9,0.9,0.9,0.9,0.9,0.9,0.9,0.9,0.9,0.9,0.9,0.9,0.9,0.9,0.9,0.9,0.9,1.0,0.9,0.9,0.9,0.9,0.9,0.9,0.9,0.9,0.9,0.9,0.9,0.9,0.9,0.9,0.9,0.9,0.9,0.9,0.9,0.9,0.9,0.9,0.9,0.9,0.9,0.9,0.9,0.9,0.9,0.9,0.9,0.9,0.9,0.9,0.9,0.9,0.9,0.9,0.9,0.9,0.9,0.9,0.9,0.9,0.9,0.9,0.9,0.9,0.9,0.9,0.9,0.9,0.9,0.9,0.9,0.9,0.9,0.9,0.9,0.9,0.9,0.9,0.9,0.9,0.9,0.9,0.9,0.9,0.9,0.9,0.9,0.9,0.9,0.9,0.9,0.9,0.9
knn_20,0.9,0.9,0.9,0.9,0.9,0.9,0.7181970435231182,0.9,0.9,0.8290699125168457,0.9,0.7062109347503498,0.7661413613339878,0.871019766487902,0.9,0.9,0.9,0.9,0.9,0.9,0.9,0.9,0.9,1.0,0.9,0.9,0.9,0.9,0.9,0.9,0.9,0.9,0.9,0.9,0.9,0.5713693760757115,0.9,0.6402893553861617,0.9,0.6882339821933929,0.6822402890145236,0.9,0.9,0.9,0.9,0.9,0.9,0.9,0.9,0.9,0.9,0.9,0.9,0.9,0.9,0.9,0.9,0.9,0.9,0.9,0.9,0.9,0.9,0.9,0.9,0.871019766487902,0.9,0.8860022956597373,0.787119453899219,0.9,0.6642617107671027,0.9,0.8021027058282783,0.9,0.9,0.9,0.9,0.9,0.9,0.9,0.9,0.9,0.9,0.9,0.9,0.9,0.9,0.9,0.9,0.9,0.9,0.9,0.9,0.9,0.9,0.9,0.9,0.9,0.9,0.9
mix_2,0.9,0.9,0.9,0.9,0.9,0.9,0.9,0.9,0.9,0.9,0.9,0.9,0.9,0.9,0.9,0.9,0.9,0.9,0.9,0.9,0.9,0.9,0.9,0.9,1.0,0.9,0.9,0.9,0.9,0.9,0.9,0.9,0.9,0.9,0.9,0.7841232597182933,0.9,0.8530415020091512,0.9,0.9,0.8949924865793359,0.9,0.9,0.9,0.9,0.9,0.9,0.9,0.9,0.9,0.9,0.9,0.9,0.9,0.9,0.9,0.9,0.9,0.9,0.9,0.9,0.9,0.9,0.9,0.9,0.9,0.9,0.9,0.9,0.9,0.8770138045324537,0.9,0.9,0.9,0.9,0.9,0.9,0.9,0.9,0.9,0.9,0.9,0.9,0.9,0.9,0.9,0.9,0.9,0.9,0.9,0.9,0.9,0.9,0.9,0.9,0.9,0.9,0.9,0.9,0.9
mix_4,0.9,0.9,0.9,0.9,0.9,0.9,0.4297880534123334,0.6372935184517372,0.6432850435491977,0.544402551058624,0.6822402890145236,0.415438356835235,0.4821988102751237,0.5863518438241585,0.9,0.9,0.8530415020091512,0.9,0.9,0.9,0.9,0.9,0.9,0.9,0.9,1.0,0.9,0.9,0.9,0.9,0.9,0.9,0.9,0.9,0.9,0.26726769917244686,0.7691402959807268,0.335109178457655,0.757152924525382,0.3933671141046089,0.3859391715415408,0.8770138045324537,0.9,0.8021027058282783,0.6582675211432154,0.9,0.9,0.9,0.9,0.9,0.9,0.9,0.9,0.9,0.9,0.9,0.9,0.9,0.9,0.9,0.9,0.9,0.9,0.9,0.6642617107671027,0.5863518438241585,0.7721345699341695,0.6013343890442384,0.5024476777533997,0.6612660607072198,0.36374108520889525,0.7092100418535012,0.5174329898124745,0.9,0.9,0.8770138045324537,0.9,0.9,0.8830068337440453,0.8290699125168457,0.6492792265857966,0.9,0.9,0.9,0.9,0.9,0.9,0.9,0.9,0.9,0.9,0.9,0.9,0.9,0.9,0.9,0.9,0.9,0.9,0.9
mix_6,0.9,0.9,0.9,0.9,0.9,0.9,0.07524413994789014,0.175385762097107,0.1795597016543854,0.12227729096879225,0.20891015990165662,0.07110261825770792,0.09113214898648281,0.14308688316175955,0.493872955780119,0.44027141401530745,0.3748044292417343,0.5773625453159714,0.9,0.9,0.9,0.9,0.9,0.9,0.9,0.9,1.0,0.9,0.9,0.9,0.9,0.9,0.9,0.9,0.9,0.0365321068863631,0.2844100954730715,0.0512201375406266,0.27293707808711587,0.06516345152843739,0.06326518249648172,0.4044619727254968,0.6073276621808706,0.3162709204862446,0.1904278459163261,0.9,0.9,0.9,0.9,0.9,0.9,0.9,0.9,0.9,0.9,0.9,0.9,0.9,0.9,0.9,0.9,0.9,0.9,0.9,0.19493047412139908,0.14308688316175955,0.2872960651845641,0.15279946499072805,0.1007383855446694,0.1926692759172154,0.05783120508691564,0.23080695267505702,0.10813177593380285,0.6163181702727236,0.49100514002550344,0.4044619727254968,0.5384066959216418,0.7511602786107043,0.4117963973023441,0.34565668975602293,0.18383422036569197,0.532414036423698,0.9,0.9,0.9,0.9,0.9,0.9,0.9,0.9,0.9,0.9,0.9,0.9,0.9,0.9,0.9,0.9,0.9,0.9
mix_8,0.9,0.9,0.9,0.9,0.9,0.9,0.05526898855981899,0.1357100522926159,0.13934062010795645,0.09113214898643984,0.1647027315839733,0.05200611942550337,0.07008579328291775,0.11119552824977808,0.4262384790623708,0.36374108520889525,0.3046988475422491,0.5144340621744388,0.9,0.9,0.9,0.9,0.9,0.9,0.9,0.9,0.9,1.0,0.9,0.9,0.9,0.9,0.9,0.9,0.9,0.026247836190061324,0.2283406790853022,0.037667975684616994,0.2185410756852243,0.04766398358112556,0.04632600669369391,0.32824069108686993,0.544402551058624,0.2561221060868316,0.14890828615039364,0.9,0.9,0.9,0.9,0.9,0.9,0.9,0.9,0.9,0.9,0.9,0.9,0.9,0.9,0.9,0.9,0.9,0.9,0.9,0.15279946499072883,0.11119552824977808,0.23080695267505702,0.11906803680141087,0.07736278777202099,0.15086371480068195,0.042463257862573545,0.18168663911558758,0.08277493342506892,0.5533891632911065,0.4226622979547153,0.32824069108686993,0.4761451481130109,0.6882339821933929,0.33510917845765786,0.28152853164953906,0.1430868831617279,0.46994629447994396,0.9,0.9,0.9,0.9,0.9,0.9,0.9,0.9,0.9,0.9,0.9,0.9,0.9,0.9,0.9,0.9,0.9,0.9
mix_10,0.9,0.9,0.9,0.9,0.9,0.9,0.01975763989331747,0.056111558837629416,0.05783120508691564,0.0354271624764706,0.07008579328304243,0.01852160350662646,0.025415018214431595,0.04372566315040294,0.2185410756852243,0.17955970165438484,0.14499980114356414,0.2930891717034254,0.9,0.9,0.9,0.9,0.9,0.9,0.9,0.9,0.9,0.9,1.0,0.9,0.9,0.9,0.9,0.9,0.9,0.008655936353652582,0.10218322751954445,0.01284707816926367,0.09650912736088946,0.016787985465340327,0.0162437986466738,0.16068398181063814,0.32201754590089826,0.11906803680145017,0.06233154783680983,0.9,0.9,0.9,0.9,0.9,0.9,0.9,0.9,0.9,0.9,0.9,0.9,0.9,0.9,0.9,0.9,0.9,0.9,0.9,0.06420881307187609,0.04372566315040294,0.10364408705278283,0.046990824968410894,0.028434292474681655,0.06326518249648405,0.014701089697084169,0.07951011279997577,0.030780535060595637,0.3316571006814324,0.21611657462419165,0.16068398181063814,0.2561221060868316,0.48810828198113687,0.16470273158397297,0.13048572066045916,0.059600187809534466,0.2506642772837817,0.9,0.9,0.9,0.9,0.9,0.9,0.9,0.9,0.9,0.9,0.9,0.9,0.9,0.9,0.9,0.9,0.9,0.9
mix_20,0.9,0.9,0.9,0.9,0.9,0.9,0.00352135157499045,0.011797038255680126,0.012207438260859682,0.006891630559933581,0.015201909440677785,0.003270404444485342,0.004727124110169401,0.00880742871216289,0.06326518249648405,0.04902413953933671,0.037667975684616994,0.09113214898648281,0.9,0.9,0.9,0.9,0.9,0.9,0.9,0.9,0.9,0.9,0.9,1.0,0.9,0.9,0.9,0.9,0.9,0.0013934772279484697,0.024249956436628195,0.0021619490751236814,0.022790533999450413,0.0029240440708622195,0.002817822487611865,0.04246325786257321,0.10512692927789014,0.028889581061220637,0.013289898233044273,0.9,0.9,0.9,0.9,0.9,0.9,0.9,0.9,0.9,0.9,0.9,0.9,0.9,0.9,0.9,0.9,0.9,0.9,0.9,0.013746270482751344,0.00880742871216289,0.024625618734030574,0.009598552392166448,0.005367165663751061,0.013515784874639558,0.0025192779517843045,0.01763827279133834,0.005872147222563018,0.10965877561906068,0.06233154783680983,0.04246325786257321,0.07843375725946222,0.1882072700813886,0.04372566315040294,0.03329613264352138,0.012629555253833802,0.07630114927076015,0.9,0.9,0.9,0.9,0.9,0.9,0.9,0.9,0.9,0.9,0.9,0.9,0.9,0.9,0.9,0.9,0.9,0.9
tree_1,0.9,0.9,0.9,0.9,0.9,0.9,0.9,0.9,0.9,0.9,0.9,0.9,0.9,0.9,0.9,0.9,0.9,0.9,0.9,0.9,0.9,0.9,0.9,0.9,0.9,0.9,0.9,0.9,0.9,0.9,1.0,0.9,0.9,0.9,0.9,0.9,0.9,0.9,0.9,0.9,0.9,0.9,0.9,0.9,0.9,0.9,0.9,0.9,0.9,0.9,0.9,0.9,0.9,0.9,0.9,0.9,0.9,0.9,0.9,0.8440527129055082,0.9,0.7901132012847418,0.9,0.9,0.9,0.9,0.9,0.9,0.9,0.9,0.9,0.9,0.9,0.9,0.9,0.9,0.9,0.9,0.9,0.9,0.9,0.9,0.9,0.9,0.9,0.9,0.9,0.9,0.9,0.9,0.9,0.9,0.9,0.9,0.9,0.9,0.9,0.9,0.9,0.9
tree_3,0.9,0.9,0.9,0.9,0.9,0.9,0.43331125937277126,0.6402893553861617,0.6462824037458684,0.5473991349222826,0.6852366913648283,0.4190604431424858,0.4851714825635077,0.5893495842720444,0.9,0.9,0.8560381495086492,0.9,0.9,0.9,0.9,0.9,0.9,0.9,0.9,0.9,0.9,0.9,0.9,0.9,0.9,1.0,0.9,0.9,0.9,0.2700960946924431,0.7721345699341695,0.3385944213893275,0.7601483386832191,0.39707574056935147,0.3896535146690817,0.8800113410650904,0.9,0.8050988830571517,0.6612660607072198,0.9,0.9,0.9,0.9,0.9,0.9,0.9,0.9,0.9,0.9,0.9,0.9,0.9,0.9,0.9,0.9,0.9,0.9,0.9,0.6672552743296456,0.5893495842720444,0.7751309342165803,0.6043304950181523,0.5054453449237218,0.6642617107671023,0.36741756664812586,0.7122039484693787,0.5204276365397704,0.9,0.9,0.8800113410650904,0.9,0.9,0.8860022956597373,0.8320655390136642,0.6522755471730294,0.9,0.9,0.9,0.9,0.9,0.9,0.9,0.9,0.9,0.9,0.9,0.9,0.9,0.9,0.9,0.9,0.9,0.9,0.9
tree_5,0.9,0.9,0.9,0.9,0.9,0.9,0.32487661719640937,0.5503944655646471,0.5563855325546336,0.4571063058554653,0.5953410236738602,0.3133873528993042,0.3822230176516431,0.49949486908087337,0.871019766487902,0.8200792335171415,0.7661413613339878,0.9,0.9,0.9,0.9,0.9,0.9,0.9,0.9,0.9,0.9,0.9,0.9,0.9,0.9,0.9,1.0,0.9,0.9,0.19493047412139775,0.6822402890145236,0.2506642772837817,0.6702534228514604,0.2959931105379574,0.2901935238631188,0.7901132012847418,0.9,0.7152001710700221,0.5713693760757115,0.9,0.9,0.9,0.9,0.9,0.9,0.9,0.9,0.9,0.9,0.9,0.9,0.9,0.9,0.9,0.9,0.9,0.9,0.9,0.5773625453159714,0.49949486908087337,0.6852366913648283,0.5144340621744385,0.40813790817505724,0.5743675924801894,0.27293707808711587,0.6223101512132438,0.4262384790623688,0.9,0.8680240865510536,0.7901132012847418,0.9,0.9,0.7961066134400652,0.7421717352340361,0.5623795391925179,0.9,0.9,0.9,0.9,0.9,0.9,0.9,0.9,0.9,0.9,0.9,0.9,0.9,0.9,0.9,0.9,0.9,0.9,0.9
tree_7,0.9,0.9,0.9,0.9,0.9,0.9,0.06710436466640501,0.16068398181063814,0.16470273158397297,0.10965877561917414,0.19042784591632544,0.06326518249648405,0.08387430901201454,0.12880195456413412,0.46994629447994263,0.4117963973023475,0.34565668975602226,0.5533891632911065,0.9,0.9,0.9,0.9,0.9,0.9,0.9,0.9,0.9,0.9,0.9,0.9,0.9,0.9,0.9,1.0,0.9,0.032270704539262396,0.2616616735379095,0.04566673458873094,0.2506642772837817,0.05783120508691564,0.056111558837629416,0.37480442924173385,0.5833561998610506,0.2930891717034254,0.17490841012490588,0.9,0.9,0.9,0.9,0.9,0.9,0.9,0.9,0.9,0.9,0.9,0.9,0.9,0.9,0.9,0.9,0.9,0.9,0.9,0.17746101701694383,0.12880195456413412,0.2644581465462795,0.13751060938677173,0.08983774695391367,0.17538576209710688,0.0512201375406266,0.21129916609434185,0.09650912736088946,0.5923451083747663,0.4667884429959468,0.37480442924173385,0.5144340621744385,0.7271892932376858,0.3822230176516431,0.31914822285371414,0.1687649924866479,0.508440418483646,0.9,0.9,0.9,0.9,0.9,0.9,0.9,0.9,0.9,0.9,0.9,0.9,0.9,0.9,0.9,0.9,0.9,0.9
tree_9,0.9,0.9,0.9,0.9,0.9,0.9,0.012847078169263781,0.0382421925853732,0.03941306323218019,0.023510925615728873,0.04766398358112478,0.01199972639283775,0.016787985465340327,0.02935277247063639,0.16269126964694947,0.13048572066045916,0.10512692927810507,0.2234227198835007,0.9,0.9,0.9,0.9,0.9,0.9,0.9,0.9,0.9,0.9,0.9,0.9,0.9,0.9,0.9,0.9,1.0,0.0054618029181573435,0.07315492374232668,0.008215189424773395,0.06908087447570055,0.010828330729009794,0.010461754782181365,0.11747647222326518,0.24796813742689727,0.0849771321593894,0.04246325786257332,0.9,0.9,0.9,0.9,0.9,0.9,0.9,0.9,0.9,0.9,0.9,0.9,0.9,0.9,0.9,0.9,0.9,0.9,0.9,0.04372566315038051,0.02935277247063639,0.07419791919564334,0.03176695406844421,0.018825027386257243,0.04309094127110402,0.009436116996865529,0.0544344752492294,0.020401575613871903,0.2561221060868316,0.16068398181063814,0.11747647222326518,0.1926692759172154,0.4007743420832476,0.12066846793870034,0.09378446464448464,0.04061412270524689,0.1882072700813895,0.9,0.9,0.9,0.9,0.9,0.9,0.9,0.9,0.9,0.9,0.9,0.9,0.9,0.9,0.9,0.9,0.9,0.9
perceptron_1,0.9,0.49387295578011803,0.2137026770903685,0.0056632199116183335,0.025826214237688383,0.001,0.9,0.9,0.9,0.9,0.9,0.9,0.9,0.9,0.9,0.9,0.9,0.9,0.9,0.9,0.8021027058282776,0.8470481183820077,0.9,0.5713693760757115,0.7841232597182933,0.26726769917244686,0.0365321068863631,0.026247836190061324,0.008655936353652582,0.0013934772279484697,0.9,0.2700960946924431,0.19493047412139775,0.032270704539262396,0.0054618029181573435,1.0,0.9,0.9,0.9,0.9,0.9,0.9,0.9,0.9,0.9,0.9,0.9,0.9,0.9,0.7271892932376858,0.9,0.3564444072280819,0.03277756686920785,0.037667975684616994,0.025826214237688383,0.008655936353652582,0.0025192779517843045,0.0010053225924656628,0.001,0.001,0.0018947802924556,0.001,0.0019311157567807324,0.001,0.9,0.9,0.9,0.9,0.9,0.9,0.9,0.9,0.9,0.9,0.9,0.9,0.9,0.9,0.9,0.9,0.9,0.9,0.84105478731336,0.5893495842720444,0.42978805341233306,0.5983381520894804,0.26726769917244686,0.2533823036453313,0.5264226426905182,0.39707574056935147,0.5953410236738602,0.04632600669369391,0.010828330729009794,0.0016243843208675335,0.005080630873769421,0.0043934918656389765,0.003396693388504457,0.0068916305599336924,0.001,0.001
perceptron_3,0.9,0.9,0.7062109347503502,0.07524413994789014,0.22587924214082045,0.013515784874639558,0.9,0.9,0.9,0.9,0.9,0.9,0.9,0.9,0.9,0.9,0.9,0.9,0.9,0.9,0.9,0.9,0.9,0.9,0.9,0.7691402959807268,0.2844100954730715,0.2283406790853022,0.10218322751954445,0.024249956436628195,0.9,0.7721345699341695,0.6822402890145236,0.2616616735379095,0.07315492374232668,0.9,1.0,0.9,0.9,0.9,0.9,0.9,0.9,0.9,0.9,0.9,0.9,0.9,0.9,0.9,0.9,0.8560381495086484,0.2644581465462795,0.2901935238631188,0.22587924214082045,0.10218322751954445,0.03941306323218041,0.01852160350662646,0.018223026995365266,0.0043934918656388655,0.03126839077260235,0.003151297380571294,0.0317669540684441,0.006891630559933581,0.9,0.9,0.9,0.9,0.9,0.9,0.9,0.9,0.9,0.9,0.9,0.9,0.9,0.9,0.9,0.9,0.9,0.9,0.9,0.9,0.9,0.9,0.7691402959807268,0.7541559018526037,0.9,0.8889980116229164,0.9,0.3316571006814334,0.12227729096879225,0.0275415816479484,0.06908087447570055,0.061409658660100286,0.04970801039188155,0.08719387868428319,0.013977003636686303,0.006533675653881854
perceptron_5,0.9,0.5623795391925179,0.27293707808711587,0.008505655524987832,0.03709421858355133,0.0010808110521577374,0.9,0.9,0.9,0.9,0.9,0.9,0.9,0.9,0.9,0.9,0.9,0.9,0.9,0.9,0.8710197664879016,0.9,0.9,0.6402893553861617,0.8530415020091512,0.335109178457655,0.0512201375406266,0.037667975684616994,0.01284707816926367,0.0021619490751236814,0.9,0.3385944213893275,0.2506642772837817,0.04566673458873094,0.008215189424773395,0.9,0.9,1.0,0.9,0.9,0.9,0.9,0.9,0.9,0.9,0.9,0.9,0.9,0.9,0.7961066134400644,0.9,0.44027141401530745,0.046326006693694244,0.052807353815127356,0.03709421858355133,0.01284707816926367,0.003864003211837108,0.0015622910331481998,0.0015333665196477497,0.001,0.0029240440708622195,0.001,0.002981090057861291,0.001,0.9,0.9,0.9,0.9,0.9,0.9,0.9,0.9,0.9,0.9,0.9,0.9,0.9,0.9,0.9,0.9,0.9,0.9,0.9,0.6582675211432154,0.5024476777533997,0.6672552743296456,0.335109178457655,0.31914822285371414,0.5953410236738602,0.4761451481130109,0.6642617107671027,0.06516345152845271,0.01597658352443576,0.0025192779517843045,0.007660519715672609,0.00665161849991458,0.0051722104650751,0.010283050449516606,0.001125981548824373,0.001
perceptron_7,0.9,0.9,0.6942262551114382,0.07110261825776587,0.21611657462419165,0.012629555253833802,0.9,0.9,0.9,0.9,0.9,0.9,0.9,0.9,0.9,0.9,0.9,0.9,0.9,0.9,0.9,0.9,0.9,0.9,0.9,0.757152924525382,0.27293707808711587,0.2185410756852243,0.09650912736088946,0.022790533999450413,0.9,0.7601483386832191,0.6702534228514604,0.2506642772837817,0.06908087447570055,0.9,0.9,0.9,1.0,0.9,0.9,0.9,0.9,0.9,0.9,0.9,0.9,0.9,0.9,0.9,0.9,0.8440527129055094,0.2533823036453303,0.2786530009542798,0.21611657462419165,0.09650912736088946,0.03709421858355133,0.017352894783984274,0.017068302773810995,0.004084578939287042,0.02935277247063639,0.0029240440708622195,0.029821397282453255,0.006418408208690329,0.9,0.9,0.9,0.9,0.9,0.9,0.9,0.9,0.9,0.9,0.9,0.9,0.9,0.9,0.9,0.9,0.9,0.9,0.9,0.9,0.9,0.9,0.757152924525382,0.7421717352340361,0.9,0.8770138045324537,0.9,0.31914822285371414,0.1158911410164245,0.025826214237688494,0.06516345152845271,0.05783120508691564,0.046990824968410894,0.08277493342506892,0.013065207778187982,0.006084986949851934
perceptron_9,0.9,0.6103245030438935,0.31914822285371314,0.011207035982854552,0.046990824968410894,0.0014758075472297572,0.9,0.9,0.9,0.9,0.9,0.9,0.9,0.9,0.9,0.9,0.9,0.9,0.9,0.9,0.9,0.9,0.9,0.6882339821933929,0.9,0.3933671141046089,0.06516345152843739,0.04766398358112556,0.016787985465340327,0.0029240440708622195,0.9,0.39707574056935147,0.2959931105379574,0.05783120508691564,0.010828330729009794,0.9,0.9,0.9,0.9,1.0,0.9,0.9,0.9,0.9,0.9,0.9,0.9,0.9,0.9,0.8440527129055094,0.9,0.49100514002550344,0.058710323853155666,0.06710436466640501,0.046990824968410894,0.016787985465340327,0.0051722104650751,0.0021224971769666645,0.0020848694633343046,0.001,0.003935339476313637,0.001,0.004011193560291004,0.001,0.9,0.9,0.9,0.9,0.9,0.9,0.9,0.9,0.9,0.9,0.9,0.9,0.9,0.9,0.9,0.9,0.9,0.9,0.9,0.7062109347503498,0.5503944655646471,0.7152001710700221,0.3933671141046089,0.3748044292417343,0.6432850435491977,0.5234246176047741,0.7122039484693787,0.08168323752803852,0.020731050695085962,0.003396693388504457,0.010106486825303351,0.008807428712163001,0.0068916305599336924,0.013515784874639558,0.0015333665196477497,0.001
naive-bayes_1,0.9,0.6043304950181523,0.3133873528993074,0.010828330729009794,0.04566673458873094,0.0014214571507954465,0.9,0.9,0.9,0.9,0.9,0.9,0.9,0.9,0.9,0.9,0.9,0.9,0.9,0.9,0.9,0.9,0.9,0.6822402890145236,0.8949924865793359,0.3859391715415408,0.06326518249648172,0.04632600669369391,0.0162437986466738,0.002817822487611865,0.9,0.3896535146690817,0.2901935238631188,0.056111558837629416,0.010461754782181365,0.9,0.9,0.9,0.9,0.9,1.0,0.9,0.9,0.9,0.9,0.9,0.9,0.9,0.9,0.838060215783357,0.9,0.4851714825635077,0.056965777523095396,0.06516345152845271,0.04566673458873094,0.0162437986466738,0.00499275670874233,0.002044249116431862,0.002005722246168018,0.001,0.003791952393612519,0.001,0.003864003211837108,0.001,0.9,0.9,0.9,0.9,0.9,0.9,0.9,0.9,0.9,0.9,0.9,0.9,0.9,0.9,0.9,0.9,0.9,0.9,0.9,0.7002177467374275,0.544402551058623,0.7092100418535012,0.3859391715415408,0.36741756664812586,0.6372935184517372,0.5174329898124745,0.7062109347503498,0.07951011279997577,0.020077451296721116,0.003270404444485342,0.009765725326187469,0.008505655524987832,0.00665161849991458,0.013065207778187982,0.0014758075472297572,0.001
naive-bayes_3,0.9,0.9,0.8140876288929653,0.12066846793870567,0.3248766171964069,0.024249956436628195,0.9,0.9,0.9,0.9,0.9,0.9,0.9,0.9,0.9,0.9,0.9,0.9,0.9,0.9,0.9,0.9,0.9,0.9,0.9,0.8770138045324537,0.4044619727254968,0.32824069108686993,0.16068398181063814,0.04246325786257321,0.9,0.8800113410650904,0.7901132012847418,0.37480442924173385,0.11747647222326518,0.9,0.9,0.9,0.9,0.9,0.9,1.0,0.9,0.9,0.9,0.9,0.9,0.9,0.9,0.9,0.9,0.9,0.3785099612746887,0.4117963973023475,0.3248766171964069,0.16068398181063814,0.06710436466638403,0.032777566869207964,0.03227070453926251,0.008358765309096072,0.053615106836313875,0.006084986949851934,0.0544344752492294,0.01284707816926367,0.9,0.9,0.9,0.9,0.9,0.9,0.9,0.9,0.9,0.9,0.9,0.9,0.9,0.9,0.9,0.9,0.9,0.9,0.9,0.9,0.9,0.9,0.8770138045324537,0.8620298558264581,0.9,0.9,0.9,0.4603697063792336,0.18600923422492244,0.04766398358112478,0.11119552824977808,0.0993082648746878,0.08387430901199733,0.1357100522926159,0.025009113516487824,0.012207438260859793
naive-bayes_5,0.9,0.9,0.9,0.2533823036453303,0.5414067830967725,0.06516345152845271,0.9,0.9,0.9,0.9,0.9,0.9,0.9,0.9,0.9,0.9,0.9,0.9,0.9,0.9,0.9,0.9,0.9,0.9,0.9,0.9,0.6073276621808706,0.544402551058624,0.32201754590089826,0.10512692927789014,0.9,0.9,0.9,0.5833561998610506,0.24796813742689727,0.9,0.9,0.9,0.9,0.9,0.9,0.9,1.0,0.9,0.9,0.9,0.9,0.9,0.9,0.9,0.9,0.9,0.5863518438241575,0.6133215891081272,0.5414067830967725,0.32201754590089826,0.15474697293714168,0.0849771321593894,0.08387430901199733,0.024625618734030574,0.12714864672834514,0.01852160350662646,0.12880195456412247,0.036532106886363214,0.9,0.9,0.9,0.9,0.9,0.9,0.9,0.9,0.9,0.9,0.9,0.9,0.9,0.9,0.9,0.9,0.9,0.9,0.9,0.9,0.9,0.9,0.9,0.9,0.9,0.9,0.9,0.6552713599635612,0.36741756664812586,0.11747647222326518,0.23750054540478416,0.2185410756852243,0.18600923422492244,0.2844100954730715,0.06710436466638403,0.03488416844672626
naive-bayes_7,0.9,0.9,0.7391727475527807,0.08719387868419948,0.2533823036453303,0.0162437986466738,0.9,0.9,0.9,0.9,0.9,0.9,0.9,0.9,0.9,0.9,0.9,0.9,0.9,0.9,0.9,0.9,0.9,0.9,0.9,0.8021027058282783,0.3162709204862446,0.2561221060868316,0.11906803680145017,0.028889581061220637,0.9,0.8050988830571517,0.7152001710700221,0.2930891717034254,0.0849771321593894,0.9,0.9,0.9,0.9,0.9,0.9,0.9,0.9,1.0,0.9,0.9,0.9,0.9,0.9,0.9,0.9,0.8889980116229161,0.29599311053795385,0.32201754590089826,0.2533823036453303,0.11906803680145017,0.04632600669369391,0.022085348604231392,0.021740635054574686,0.005367165663751061,0.03709421858355133,0.003864003211837108,0.037667975684616994,0.008358765309096072,0.9,0.9,0.9,0.9,0.9,0.9,0.9,0.9,0.9,0.9,0.9,0.9,0.9,0.9,0.9,0.9,0.9,0.9,0.9,0.9,0.9,0.9,0.8021027058282783,0.787119453899219,0.9,0.9,0.9,0.37110523108269244,0.13751060938677173,0.032777566869207964,0.08059297446284075,0.07212280191648246,0.058710323853155666,0.0993082648746878,0.016787985465340216,0.007933883781512163
naive-bayes_9,0.9,0.8650245417549889,0.5953410236738602,0.04372566315040294,0.1469430134144043,0.007139424976026931,0.9,0.9,0.9,0.9,0.9,0.9,0.9,0.9,0.9,0.9,0.9,0.9,0.9,0.9,0.9,0.9,0.9,0.9,0.9,0.6582675211432154,0.1904278459163261,0.14890828615039364,0.06233154783680983,0.013289898233044273,0.9,0.6612660607072198,0.5713693760757115,0.17490841012490588,0.04246325786257332,0.9,0.9,0.9,0.9,0.9,0.9,0.9,0.9,0.9,1.0,0.9,0.9,0.9,0.9,0.9,0.9,0.7451660395660074,0.17538576209710688,0.19493047412139775,0.1469430134144043,0.06233154783680983,0.022085348604231392,0.009932840402677279,0.009765725326187469,0.0022048634241749188,0.017352894783984274,0.0015622910331481998,0.01763827279133834,0.00352135157499045,0.9,0.9,0.9,0.9,0.9,0.9,0.9,0.9,0.9,0.9,0.9,0.9,0.9,0.9,0.9,0.9,0.9,0.9,0.9,0.9,0.8050988830571517,0.9,0.6582675211432154,0.6432850435491977,0.8979922667791436,0.7781301018035343,0.9,0.22834067908530098,0.07524413994789014,0.015201909440677785,0.04001207015458963,0.0354271624764706,0.028434292474681655,0.051220137540583965,0.007397818141832491,0.003331572956982942
knn_1,0.9,0.9,0.9,0.9,0.9,0.9,0.9,0.9,0.9,0.9,0.9,0.9,0.9,0.9,0.9,0.9,0.9,0.9,0.9,0.9,0.9,0.9,0.9,0.9,0.9,0.9,0.9,0.9,0.9,0.9,0.9,0.9,0.9,0.9,0.9,0.9,0.9,0.9,0.9,0.9,0.9,0.9,0.9,0.9,0.9,1.0,0.9,0.9,0.9,0.9,0.9,0.9,0.9,0.9,0.9,0.9,0.9,0.9,0.9,0.7961066134400644,0.9,0.7421717352340361,0.9,0.8710197664879016,0.9,0.9,0.9,0.9,0.9,0.9,0.9,0.9,0.9,0.9,0.9,0.9,0.9,0.9,0.9,0.9,0.9,0.9,0.9,0.9,0.9,0.9,0.9,0.9,0.9,0.9,0.9,0.9,0.9,0.9,0.9,0.9,0.9,0.9,0.9,0.8620298558264581
knn_3,0.9,0.9,0.9,0.9,0.9,0.9,0.9,0.9,0.9,0.9,0.9,0.9,0.9,0.9,0.9,0.9,0.9,0.9,0.9,0.9,0.9,0.9,0.9,0.9,0.9,0.9,0.9,0.9,0.9,0.9,0.9,0.9,0.9,0.9,0.9,0.9,0.9,0.9,0.9,0.9,0.9,0.9,0.9,0.9,0.9,0.9,1.0,0.9,0.9,0.9,0.9,0.9,0.9,0.9,0.9,0.9,0.9,0.9,0.9,0.9,0.9,0.9,0.9,0.9,0.9,0.9,0.9,0.9,0.9,0.9,0.9,0.9,0.9,0.9,0.9,0.9,0.9,0.9,0.9,0.9,0.9,0.9,0.9,0.9,0.9,0.9,0.9,0.9,0.9,0.9,0.9,0.9,0.9,0.9,0.9,0.9,0.9,0.9,0.9,0.9
knn_5,0.9,0.9,0.9,0.9,0.9,0.9,0.9,0.9,0.9,0.9,0.9,0.9,0.9,0.9,0.9,0.9,0.9,0.9,0.9,0.9,0.9,0.9,0.9,0.9,0.9,0.9,0.9,0.9,0.9,0.9,0.9,0.9,0.9,0.9,0.9,0.9,0.9,0.9,0.9,0.9,0.9,0.9,0.9,0.9,0.9,0.9,0.9,1.0,0.9,0.9,0.9,0.9,0.9,0.9,0.9,0.9,0.9,0.9,0.9,0.9,0.9,0.9,0.9,0.9,0.9,0.9,0.9,0.9,0.9,0.9,0.9,0.9,0.9,0.9,0.9,0.9,0.9,0.9,0.9,0.9,0.9,0.9,0.9,0.9,0.9,0.9,0.9,0.9,0.9,0.9,0.9,0.9,0.9,0.9,0.9,0.9,0.9,0.9,0.9,0.9
knn_7,0.9,0.9,0.9,0.9,0.9,0.9,0.9,0.9,0.9,0.9,0.9,0.9,0.9,0.9,0.9,0.9,0.9,0.9,0.9,0.9,0.9,0.9,0.9,0.9,0.9,0.9,0.9,0.9,0.9,0.9,0.9,0.9,0.9,0.9,0.9,0.9,0.9,0.9,0.9,0.9,0.9,0.9,0.9,0.9,0.9,0.9,0.9,0.9,1.0,0.9,0.9,0.9,0.9,0.9,0.9,0.9,0.9,0.9,0.9,0.9,0.9,0.9,0.9,0.9,0.9,0.9,0.9,0.9,0.9,0.9,0.9,0.9,0.9,0.9,0.9,0.9,0.9,0.9,0.9,0.9,0.9,0.9,0.9,0.9,0.9,0.9,0.9,0.9,0.9,0.9,0.9,0.9,0.9,0.9,0.9,0.9,0.9,0.9,0.9,0.9
knn_9,0.9,0.9,0.9,0.9,0.9,0.9,0.8740184735988131,0.9,0.9,0.9,0.9,0.8620298558264581,0.9,0.9,0.9,0.9,0.9,0.9,0.9,0.9,0.9,0.9,0.9,0.9,0.9,0.9,0.9,0.9,0.9,0.9,0.9,0.9,0.9,0.9,0.9,0.7271892932376858,0.9,0.7961066134400644,0.9,0.8440527129055094,0.838060215783357,0.9,0.9,0.9,0.9,0.9,0.9,0.9,0.9,1.0,0.9,0.9,0.9,0.9,0.9,0.9,0.9,0.9,0.9,0.9,0.9,0.9,0.9,0.9,0.9,0.9,0.9,0.9,0.9,0.9,0.8200792335171415,0.9,0.9,0.9,0.9,0.9,0.9,0.9,0.9,0.9,0.9,0.9,0.9,0.9,0.9,0.9,0.9,0.9,0.9,0.9,0.9,0.9,0.9,0.9,0.9,0.9,0.9,0.9,0.9,0.9
mix_1,0.9,0.9,0.9,0.9,0.9,0.9,0.9,0.9,0.9,0.9,0.9,0.9,0.9,0.9,0.9,0.9,0.9,0.9,0.9,0.9,0.9,0.9,0.9,0.9,0.9,0.9,0.9,0.9,0.9,0.9,0.9,0.9,0.9,0.9,0.9,0.9,0.9,0.9,0.9,0.9,0.9,0.9,0.9,0.9,0.9,0.9,0.9,0.9,0.9,0.9,1.0,0.9,0.9,0.9,0.9,0.9,0.9,0.9,0.9,0.9,0.9,0.9,0.9,0.9,0.9,0.9,0.9,0.9,0.9,0.9,0.9,0.9,0.9,0.9,0.9,0.9,0.9,0.9,0.9,0.9,0.9,0.9,0.9,0.9,0.9,0.9,0.9,0.9,0.9,0.9,0.9,0.9,0.9,0.9,0.9,0.9,0.9,0.9,0.9,0.9
mix_3,0.9,0.9,0.9,0.9,0.9,0.9,0.5204276365397704,0.7241928416424726,0.7301846850209865,0.6313009759476593,0.7691402959807263,0.508440418483646,0.5683719299973653,0.6732529252494922,0.9,0.9,0.9,0.9,0.9,0.9,0.9,0.9,0.9,0.9,0.9,0.9,0.9,0.9,0.9,0.9,0.9,0.9,0.9,0.9,0.9,0.3564444072280819,0.8560381495086484,0.44027141401530745,0.8440527129055094,0.49100514002550344,0.4851714825635077,0.9,0.9,0.8889980116229161,0.7451660395660074,0.9,0.9,0.9,0.9,0.9,0.9,1.0,0.9,0.9,0.9,0.9,0.9,0.9,0.9,0.9,0.9,0.9,0.9,0.9,0.7511602786107032,0.6732529252494922,0.8590348087917222,0.6882339821933925,0.5893495842720444,0.7481643137424328,0.4667884429959468,0.7961066134400644,0.6043304950181523,0.9,0.9,0.9,0.9,0.9,0.9,0.9,0.7361799401322573,0.9,0.9,0.9,0.9,0.9,0.9,0.9,0.9,0.9,0.9,0.9,0.9,0.9,0.9,0.9,0.9,0.9,0.9,0.9
mix_5,0.9,0.9,0.9,0.9,0.9,0.9,0.06808868043529792,0.16269126964694947,0.16672945140550965,0.11119552824977808,0.19266927591721483,0.06420881307187609,0.08497713215940184,0.13048572066045117,0.4730621113165858,0.415438356835235,0.3492245114963255,0.5563855325546335,0.9,0.9,0.9,0.9,0.9,0.9,0.9,0.9,0.9,0.9,0.9,0.9,0.9,0.9,0.9,0.9,0.9,0.03277756686920785,0.2644581465462795,0.046326006693694244,0.2533823036453303,0.058710323853155666,0.056965777523095396,0.3785099612746887,0.5863518438241575,0.29599311053795385,0.17538576209710688,0.9,0.9,0.9,0.9,0.9,0.9,0.9,1.0,0.9,0.9,0.9,0.9,0.9,0.9,0.9,0.9,0.9,0.9,0.9,0.17955970165438484,0.13048572066045117,0.26726769917244864,0.13934062010796433,0.09113214898648281,0.17746101701694383,0.05200611942547795,0.21370267709037127,0.09790046883214154,0.5953410236738595,0.4699462944799422,0.3785099612746887,0.5174329898124741,0.7301846850209865,0.3859391715415408,0.32201754590089826,0.170805474197123,0.5114402264527076,0.9,0.9,0.9,0.9,0.9,0.9,0.9,0.9,0.9,0.9,0.9,0.9,0.9,0.9,0.9,0.9,0.9,0.9
mix_7,0.9,0.9,0.9,0.9,0.9,0.9,0.07736278777214722,0.17955970165438484,0.18383422036569164,0.12499745891822578,0.21370267709037127,0.07315492374232668,0.09378446464448464,0.1469430134144043,0.49949486908087337,0.44710652831341136,0.3822230176516431,0.5833561998610506,0.9,0.9,0.9,0.9,0.9,0.9,0.9,0.9,0.9,0.9,0.9,0.9,0.9,0.9,0.9,0.9,0.9,0.037667975684616994,0.2901935238631188,0.052807353815127356,0.2786530009542798,0.06710436466640501,0.06516345152845271,0.4117963973023475,0.6133215891081272,0.32201754590089826,0.19493047412139775,0.9,0.9,0.9,0.9,0.9,0.9,0.9,0.9,1.0,0.9,0.9,0.9,0.9,0.9,0.9,0.9,0.9,0.9,0.9,0.19951858731630157,0.1469430134144043,0.2930891717034254,0.15671224775849824,0.10364408705278283,0.19721634286002532,0.059600187809534466,0.23575226388448411,0.11119552824977808,0.6223101512132436,0.49669787740408433,0.4117963973023475,0.544402551058623,0.7571529245253819,0.4190604431424858,0.35282170642113664,0.1882072700813895,0.5384066959216413,0.9,0.9,0.9,0.9,0.9,0.9,0.9,0.9,0.9,0.9,0.9,0.9,0.9,0.9,0.9,0.9,0.9,0.9
mix_9,0.9,0.9,0.9,0.9,0.9,0.9,0.054434475249317105,0.13393879209758908,0.13751060938677173,0.08983774695391367,0.16269126964694947,0.0512201375406266,0.06908087447571354,0.10965877561906068,0.4226622979547199,0.36008301296081824,0.30179860837588124,0.5114402264527076,0.9,0.9,0.9,0.9,0.9,0.9,0.9,0.9,0.9,0.9,0.9,0.9,0.9,0.9,0.9,0.9,0.9,0.025826214237688383,0.22587924214082045,0.03709421858355133,0.21611657462419165,0.046990824968410894,0.04566673458873094,0.3248766171964069,0.5414067830967725,0.2533823036453303,0.1469430134144043,0.9,0.9,0.9,0.9,0.9,0.9,0.9,0.9,0.9,1.0,0.9,0.9,0.9,0.9,0.9,0.9,0.9,0.9,0.9,0.15086371480068173,0.10965877561906068,0.22834067908530098,0.11747647222326518,0.07630114927076015,0.14890828615043783,0.041840364786850714,0.17955970165438484,0.08168323752804751,0.5503944655646471,0.4190604431424858,0.3248766171964069,0.4730621113165858,0.6852366913648278,0.3316571006814324,0.2786530009542798,0.14120126772297037,0.4667884429959468,0.9,0.9,0.9,0.9,0.9,0.9,0.9,0.9,0.9,0.9,0.9,0.9,0.9,0.9,0.9,0.9,0.9,0.9
tree_11,0.9,0.9,0.9,0.9,0.9,0.9,0.01975763989331747,0.056111558837629416,0.05783120508691564,0.0354271624764706,0.07008579328304243,0.01852160350662646,0.025415018214431595,0.04372566315040294,0.2185410756852243,0.17955970165438484,0.14499980114356414,0.2930891717034254,0.9,0.9,0.9,0.9,0.9,0.9,0.9,0.9,0.9,0.9,0.9,0.9,0.9,0.9,0.9,0.9,0.9,0.008655936353652582,0.10218322751954445,0.01284707816926367,0.09650912736088946,0.016787985465340327,0.0162437986466738,0.16068398181063814,0.32201754590089826,0.11906803680145017,0.06233154783680983,0.9,0.9,0.9,0.9,0.9,0.9,0.9,0.9,0.9,0.9,1.0,0.9,0.9,0.9,0.9,0.9,0.9,0.9,0.9,0.06420881307187609,0.04372566315040294,0.10364408705278283,0.046990824968410894,0.028434292474681655,0.06326518249648405,0.014701089697084169,0.07951011279997577,0.030780535060595637,0.3316571006814324,0.21611657462419165,0.16068398181063814,0.2561221060868316,0.48810828198113687,0.16470273158397297,0.13048572066045916,0.059600187809534466,0.2506642772837817,0.9,0.9,0.9,0.9,0.9,0.9,0.9,0.9,0.9,0.9,0.9,0.9,0.9,0.9,0.9,0.9,0.9,0.9
tree_12,0.9,0.9,0.9,0.9,0.9,0.9,0.006192681983527404,0.01975763989331769,0.020401575613871903,0.011797038255680237,0.025009113516487824,0.0057652420996463505,0.008215189424773395,0.01495004538747513,0.09513759157977852,0.07736278777202099,0.059600187809534466,0.1357100522926159,0.9,0.9,0.9,0.9,0.9,0.9,0.9,0.9,0.9,0.9,0.9,0.9,0.9,0.9,0.9,0.9,0.9,0.0025192779517843045,0.03941306323218041,0.003864003211837108,0.03709421858355133,0.0051722104650751,0.00499275670874233,0.06710436466638403,0.15474697293714168,0.04632600669369391,0.022085348604231392,0.9,0.9,0.9,0.9,0.9,0.9,0.9,0.9,0.9,0.9,0.9,1.0,0.9,0.9,0.9,0.9,0.9,0.9,0.9,0.022790533999450302,0.01495004538747513,0.04001207015458974,0.01624379864667358,0.00927396679235104,0.022437060526258268,0.004473695520841314,0.028889581061220637,0.010106486825303351,0.16068398181063837,0.09378446464448464,0.06710436466638403,0.1174764722232644,0.2644581465462795,0.06908087447570055,0.05280735381513102,0.021062131959949992,0.11431234229844922,0.9,0.9,0.9,0.9,0.9,0.9,0.9,0.9,0.9,0.9,0.9,0.9,0.9,0.9,0.9,0.9,0.9,0.9
tree_13,0.9,0.9,0.9,0.9,0.9,0.9,0.0025641058653051996,0.00880742871216289,0.009117342105579795,0.005080630873769421,0.011401525758732878,0.002377314710680367,0.00345854504177856,0.006533675653881854,0.04902413953933671,0.0382421925853732,0.028889581061220637,0.07419791919564334,0.9,0.9,0.9,0.9,0.9,0.9,0.9,0.9,0.9,0.9,0.9,0.9,0.9,0.9,0.9,0.9,0.9,0.0010053225924656628,0.01852160350662646,0.0015622910331481998,0.017352894783984274,0.0021224971769666645,0.002044249116431862,0.032777566869207964,0.0849771321593894,0.022085348604231392,0.009932840402677279,0.9,0.9,0.9,0.9,0.9,0.9,0.9,0.9,0.9,0.9,0.9,0.9,1.0,0.9,0.9,0.9,0.9,0.9,0.9,0.010283050449516606,0.006533675653881854,0.018825027386257243,0.007139424976026931,0.003935339476313637,0.010106486825303351,0.0018244767849907584,0.013289898233044273,0.004314581597872902,0.08749858817224343,0.04833810998104571,0.032777566869207964,0.061409658660043,0.15474697293714168,0.033816257249931536,0.025415018214431373,0.009436116996865529,0.059600187809534466,0.9,0.9,0.9,0.9,0.9,0.9,0.9,0.9,0.9,0.9,0.9,0.9,0.9,0.9,0.9,0.9,0.9,0.9
tree_14,0.9,0.9,0.9,0.9,0.9,0.9,0.0025192779517843045,0.008655936353652582,0.008958968306424397,0.00499275670874233,0.011207035982854552,0.002334559272875625,0.003396693388504457,0.006418408208690329,0.04833810998104571,0.037667975684616994,0.028434292474681655,0.07315492374232668,0.9,0.9,0.9,0.9,0.9,0.9,0.9,0.9,0.9,0.9,0.9,0.9,0.9,0.9,0.9,0.9,0.9,0.001,0.018223026995365266,0.0015333665196477497,0.017068302773810995,0.0020848694633343046,0.002005722246168018,0.03227070453926251,0.08387430901199733,0.021740635054574686,0.009765725326187469,0.9,0.9,0.9,0.9,0.9,0.9,0.9,0.9,0.9,0.9,0.9,0.9,0.9,1.0,0.9,0.9,0.9,0.9,0.9,0.010106486825303351,0.006418408208690329,0.01852160350662646,0.007016944022291582,0.003864003211837108,0.009932840402677279,0.0017903047244142156,0.013065207778187982,0.004236546501432126,0.08719387868428319,0.04766398358112478,0.03227070453926251,0.06049941249579294,0.15279946499072805,0.0332961326435216,0.025009113516487824,0.00927396679235104,0.058710323853155666,0.9,0.9,0.9,0.9,0.9,0.9,0.9,0.9,0.9,0.9,0.9,0.9,0.9,0.9,0.9,0.9,0.9,0.9
tree_15,0.8200792335171417,0.9,0.9,0.9,0.9,0.9,0.001,0.0019311157567807324,0.002005722246168018,0.00105943015825527,0.0025641058653051996,0.001,0.001,0.0013934772279484697,0.013289898233044273,0.009932840402677168,0.00726765625025616,0.02106213195994977,0.7511602786107032,0.9,0.9,0.9,0.9,0.9,0.9,0.9,0.9,0.9,0.9,0.9,0.8440527129055082,0.9,0.9,0.9,0.9,0.001,0.0043934918656388655,0.001,0.004084578939287042,0.001,0.001,0.008358765309096072,0.024625618734030574,0.005367165663751061,0.0022048634241749188,0.7961066134400644,0.9,0.9,0.9,0.9,0.9,0.9,0.9,0.9,0.9,0.9,0.9,0.9,0.9,1.0,0.9,0.9,0.9,0.9,0.00229149822714525,0.0013934772279484697,0.004473695520841314,0.0015333665196477497,0.001,0.0022460348516485373,0.001,0.0030355710518440437,0.001,0.025826214237688383,0.013065207778187982,0.008358765309096072,0.017068302773812327,0.0512201375406266,0.008655936353652582,0.006304712022581205,0.0020848694633343046,0.016515303600283193,0.9,0.9,0.9,0.9,0.9,0.9,0.9,0.9,0.9,0.9,0.9,0.9,0.9,0.9,0.9,0.9,0.9,0.9
tree_16,0.9,0.9,0.9,0.9,0.9,0.9,0.004727124110169401,0.015456731678984759,0.015976583524435872,0.009117342105579795,0.01975763989331769,0.0043934918656389765,0.006304712022581205,0.011598375410323158,0.07951011279998843,0.062331547836877776,0.04766398358112556,0.11431234229844922,0.9,0.9,0.9,0.9,0.9,0.9,0.9,0.9,0.9,0.9,0.9,0.9,0.9,0.9,0.9,0.9,0.9,0.0018947802924556,0.03126839077260235,0.0029240440708622195,0.02935277247063639,0.003935339476313637,0.003791952393612519,0.053615106836313875,0.12714864672834514,0.03709421858355133,0.017352894783984274,0.9,0.9,0.9,0.9,0.9,0.9,0.9,0.9,0.9,0.9,0.9,0.9,0.9,0.9,0.9,1.0,0.9,0.9,0.9,0.017926702531443683,0.011598375410323158,0.0317669540684441,0.01262955525383358,0.007139424976026709,0.01763827279133834,0.003396693388504457,0.022790533999450302,0.007796500017762442,0.13219796135571382,0.07843375725946222,0.053615106836313875,0.09513759157977852,0.225879242140821,0.05526898855981899,0.042463257862573545,0.016515303600283304,0.09245006412797974,0.9,0.9,0.9,0.9,0.9,0.9,0.9,0.9,0.9,0.9,0.9,0.9,0.9,0.9,0.9,0.9,0.9,0.9
tree_17,0.7661413613339878,0.9,0.9,0.9,0.9,0.9,0.001,0.0013668371494910403,0.0014214571507954465,0.001,0.0018244767849907584,0.001,0.001,0.001,0.009765725326187469,0.007267656250256049,0.005271046942989965,0.015714619871007418,0.6972219738386933,0.9,0.9,0.9,0.9,0.9,0.9,0.9,0.9,0.9,0.9,0.9,0.7901132012847418,0.9,0.9,0.9,0.9,0.001,0.003151297380571294,0.001,0.0029240440708622195,0.001,0.001,0.006084986949851934,0.01852160350662646,0.003864003211837108,0.0015622910331481998,0.7421717352340361,0.9,0.9,0.9,0.9,0.9,0.9,0.9,0.9,0.9,0.9,0.9,0.9,0.9,0.9,0.9,1.0,0.9,0.9,0.0016243843208675335,0.001,0.0032104139796276243,0.0010808110521577374,0.001,0.0015958466256088544,0.001,0.0021619490751236814,0.001,0.019442224899256733,0.009598552392166226,0.006084986949851934,0.01262955525383358,0.03941306323218019,0.006304712022581205,0.004556477662592595,0.0014758075472297572,0.012207438260859793,0.9,0.9,0.9,0.9,0.9,0.9,0.9,0.9,0.9,0.9,0.9,0.9,0.9,0.9,0.9,0.9,0.9,0.9
tree_18,0.9,0.9,0.9,0.9,0.9,0.9,0.004813487741092803,0.015714619871007418,0.01624379864667358,0.00927396679235104,0.020077451296721116,0.004473695520841314,0.006418408208690329,0.011797038255680237,0.08059297446311253,0.06326518249648172,0.04833810998104571,0.1158911410164245,0.9,0.9,0.9,0.9,0.9,0.9,0.9,0.9,0.9,0.9,0.9,0.9,0.9,0.9,0.9,0.9,0.9,0.0019311157567807324,0.0317669540684441,0.002981090057861291,0.029821397282453255,0.004011193560291004,0.003864003211837108,0.0544344752492294,0.12880195456412247,0.037667975684616994,0.01763827279133834,0.9,0.9,0.9,0.9,0.9,0.9,0.9,0.9,0.9,0.9,0.9,0.9,0.9,0.9,0.9,0.9,0.9,1.0,0.9,0.018223026995365266,0.011797038255680237,0.03227070453926251,0.012847078169263781,0.007267656250256049,0.017926702531444683,0.00345854504177856,0.02314893035069232,0.007933883781512163,0.13393879209758908,0.07951011279997577,0.0544344752492294,0.09650912736082495,0.22834067908530098,0.05611155883760455,0.043090941271104355,0.016787985465340216,0.09378446464448464,0.9,0.9,0.9,0.9,0.9,0.9,0.9,0.9,0.9,0.9,0.9,0.9,0.9,0.9,0.9,0.9,0.9,0.9
tree_19,0.8949924865793355,0.9,0.9,0.9,0.9,0.9,0.001,0.003094932842915288,0.0032104139796278464,0.001720309617556648,0.004084578939287042,0.001,0.0011461699349744059,0.0022460348516485373,0.020077451296721005,0.015201909440677785,0.011207035982854552,0.03126839077260224,0.8260726410518124,0.9,0.9,0.9,0.9,0.9,0.9,0.9,0.9,0.9,0.9,0.9,0.9,0.9,0.9,0.9,0.9,0.001,0.006891630559933581,0.001,0.006418408208690329,0.001,0.001,0.01284707816926367,0.036532106886363214,0.008358765309096072,0.00352135157499045,0.8710197664879016,0.9,0.9,0.9,0.9,0.9,0.9,0.9,0.9,0.9,0.9,0.9,0.9,0.9,0.9,0.9,0.9,0.9,1.0,0.0036571787473773654,0.0022460348516485373,0.007016944022291582,0.002471349623486274,0.0013132286636660107,0.00358691274594658,0.001,0.004813487741092803,0.0014471993568415664,0.0382421925853732,0.01975763989331747,0.01284707816926367,0.025415018214431595,0.07419791919561136,0.013289898233044273,0.009765725326187469,0.003331572956982942,0.024625618734030574,0.9,0.9,0.9,0.9,0.9,0.9,0.9,0.9,0.9,0.9,0.9,0.9,0.9,0.9,0.9,0.9,0.9,0.9
perceptron_11,0.9,0.8710197664879016,0.6013343890442389,0.04501300804020325,0.15086371480068173,0.007397818141832491,0.9,0.9,0.9,0.9,0.9,0.9,0.9,0.9,0.9,0.9,0.9,0.9,0.9,0.9,0.9,0.9,0.9,0.9,0.9,0.6642617107671027,0.19493047412139908,0.15279946499072883,0.06420881307187609,0.013746270482751344,0.9,0.6672552743296456,0.5773625453159714,0.17746101701694383,0.04372566315038051,0.9,0.9,0.9,0.9,0.9,0.9,0.9,0.9,0.9,0.9,0.9,0.9,0.9,0.9,0.9,0.9,0.7511602786107032,0.17955970165438484,0.19951858731630157,0.15086371480068173,0.06420881307187609,0.022790533999450302,0.010283050449516606,0.010106486825303351,0.00229149822714525,0.017926702531443683,0.0016243843208675335,0.018223026995365266,0.0036571787473773654,1.0,0.9,0.9,0.9,0.9,0.9,0.9,0.9,0.9,0.9,0.9,0.9,0.9,0.9,0.9,0.9,0.9,0.9,0.9,0.9,0.8110896719021,0.9,0.6642617107671027,0.6492792265857966,0.9,0.7841232597182936,0.9,0.2332770724405302,0.07736278777202099,0.015714619871007418,0.04122417558438807,0.0365321068863631,0.02935277247063639,0.05280735381513102,0.007660519715672609,0.00345854504177856
perceptron_12,0.9,0.793110862704006,0.5234246176047741,0.030300561994744957,0.10965877561906068,0.004641158325724648,0.9,0.9,0.9,0.9,0.9,0.9,0.9,0.9,0.9,0.9,0.9,0.9,0.9,0.9,0.9,0.9,0.9,0.871019766487902,0.9,0.5863518438241585,0.14308688316175955,0.11119552824977808,0.04372566315040294,0.00880742871216289,0.9,0.5893495842720444,0.49949486908087337,0.12880195456413412,0.02935277247063639,0.9,0.9,0.9,0.9,0.9,0.9,0.9,0.9,0.9,0.9,0.9,0.9,0.9,0.9,0.9,0.9,0.6732529252494922,0.13048572066045117,0.1469430134144043,0.10965877561906068,0.04372566315040294,0.01495004538747513,0.006533675653881854,0.006418408208690329,0.0013934772279484697,0.011598375410323158,0.001,0.011797038255680237,0.0022460348516485373,0.9,1.0,0.9,0.9,0.9,0.9,0.9,0.9,0.9,0.9,0.9,0.9,0.9,0.9,0.9,0.9,0.9,0.9,0.9,0.8889980116229161,0.7331797024687295,0.8979922667791429,0.5863518438241585,0.5713693760757115,0.8260726410518124,0.7062109347503498,0.8949924865793359,0.17490841012490588,0.05280735381504742,0.010106486825303351,0.027541581647945623,0.024249956436628195,0.019442224899256733,0.035976063836563044,0.004813487741092803,0.0021224971769666645
perceptron_13,0.9,0.9,0.7092100418535012,0.07630114927076015,0.22834067908530098,0.013746270482751344,0.9,0.9,0.9,0.9,0.9,0.9,0.9,0.9,0.9,0.9,0.9,0.9,0.9,0.9,0.9,0.9,0.9,0.9,0.9,0.7721345699341695,0.2872960651845641,0.23080695267505702,0.10364408705278283,0.024625618734030574,0.9,0.7751309342165803,0.6852366913648283,0.2644581465462795,0.07419791919564334,0.9,0.9,0.9,0.9,0.9,0.9,0.9,0.9,0.9,0.9,0.9,0.9,0.9,0.9,0.9,0.9,0.8590348087917222,0.26726769917244864,0.2930891717034254,0.22834067908530098,0.10364408705278283,0.04001207015458974,0.018825027386257243,0.01852160350662646,0.004473695520841314,0.0317669540684441,0.0032104139796276243,0.03227070453926251,0.007016944022291582,0.9,0.9,1.0,0.9,0.9,0.9,0.9,0.9,0.9,0.9,0.9,0.9,0.9,0.9,0.9,0.9,0.9,0.9,0.9,0.9,0.9,0.9,0.7721345699341695,0.757152924525382,0.9,0.8919977557123421,0.9,0.335109178457655,0.12388832633916536,0.027984406560172204,0.07008579328304243,0.062331547836877776,0.05044397777625187,0.08749858817224343,0.014215691932401353,0.00665161849991458
perceptron_14,0.9,0.8080933730911668,0.5384066959216418,0.03277756686920785,0.11747647222326518,0.005080630873769421,0.9,0.9,0.9,0.9,0.9,0.9,0.9,0.9,0.9,0.9,0.9,0.9,0.9,0.9,0.9,0.9,0.9,0.8860022956597373,0.9,0.6013343890442384,0.15279946499072805,0.11906803680141087,0.046990824968410894,0.009598552392166448,0.9,0.6043304950181523,0.5144340621744385,0.13751060938677173,0.03176695406844421,0.9,0.9,0.9,0.9,0.9,0.9,0.9,0.9,0.9,0.9,0.9,0.9,0.9,0.9,0.9,0.9,0.6882339821933925,0.13934062010796433,0.15671224775849824,0.11747647222326518,0.046990824968410894,0.01624379864667358,0.007139424976026931,0.007016944022291582,0.0015333665196477497,0.01262955525383358,0.0010808110521577374,0.012847078169263781,0.002471349623486274,0.9,0.9,0.9,1.0,0.9,0.9,0.9,0.9,0.9,0.9,0.9,0.9,0.9,0.9,0.9,0.9,0.9,0.9,0.9,0.9,0.7481643137424328,0.9,0.6013343890442384,0.5863518438241585,0.84105478731336,0.7211932453367318,0.9,0.18383422036569164,0.0569657775231569,0.011017923571799204,0.029821397282453255,0.026247836190061324,0.021062131959949992,0.038823212882099,0.005271046942989965,0.002334559272875625
perceptron_15,0.9,0.7092100418535012,0.43680786362016943,0.019442224899256733,0.07630114927076015,0.0027661256399210687,0.9,0.9,0.9,0.9,0.9,0.9,0.9,0.9,0.9,0.9,0.9,0.9,0.9,0.9,0.9,0.9,0.9,0.787119453899219,0.9,0.5024476777533997,0.1007383855446694,0.07736278777202099,0.028434292474681655,0.005367165663751061,0.9,0.5054453449237218,0.40813790817505724,0.08983774695391367,0.018825027386257243,0.9,0.9,0.9,0.9,0.9,0.9,0.9,0.9,0.9,0.9,0.9,0.9,0.9,0.9,0.9,0.9,0.5893495842720444,0.09113214898648281,0.10364408705278283,0.07630114927076015,0.028434292474681655,0.00927396679235104,0.003935339476313637,0.003864003211837108,0.001,0.007139424976026709,0.001,0.007267656250256049,0.0013132286636660107,0.9,0.9,0.9,0.9,1.0,0.9,0.9,0.9,0.9,0.9,0.9,0.9,0.9,0.9,0.9,0.9,0.9,0.9,0.9,0.8050988830571517,0.6492792265857963,0.8140876288929653,0.5024476777533997,0.48810828198113687,0.7421717352340361,0.6223101512132438,0.8110896719021,0.12499745891822578,0.03488416844672626,0.006192681983527404,0.01763827279133834,0.015456731678984759,0.012207438260859793,0.02314893035069232,0.002871386741983173,0.0012390718520778332
perceptron_16,0.9,0.8680240865510536,0.5983381520894824,0.044368402160809395,0.14890828615043783,0.00726765625025616,0.9,0.9,0.9,0.9,0.9,0.9,0.9,0.9,0.9,0.9,0.9,0.9,0.9,0.9,0.9,0.9,0.9,0.9,0.9,0.6612660607072198,0.1926692759172154,0.15086371480068195,0.06326518249648405,0.013515784874639558,0.9,0.6642617107671023,0.5743675924801894,0.17538576209710688,0.04309094127110402,0.9,0.9,0.9,0.9,0.9,0.9,0.9,0.9,0.9,0.9,0.9,0.9,0.9,0.9,0.9,0.9,0.7481643137424328,0.17746101701694383,0.19721634286002532,0.14890828615043783,0.06326518249648405,0.022437060526258268,0.010106486825303351,0.009932840402677279,0.0022460348516485373,0.01763827279133834,0.0015958466256088544,0.017926702531444683,0.00358691274594658,0.9,0.9,0.9,0.9,0.9,1.0,0.9,0.9,0.9,0.9,0.9,0.9,0.9,0.9,0.9,0.9,0.9,0.9,0.9,0.9,0.8080933730911668,0.9,0.6612660607072198,0.6462824037458684,0.9,0.7811258658723392,0.9,0.23080695267505613,0.07630114927076015,0.015456731678984537,0.04061412270524667,0.035976063836563044,0.028889581061220637,0.05200611942550337,0.007529150133004481,0.003396693388504457
perceptron_17,0.9,0.5863518438241575,0.29599311053795707,0.009765725326187469,0.041840364786850714,0.0012645032982010473,0.9,0.9,0.9,0.9,0.9,0.9,0.9,0.9,0.9,0.9,0.9,0.9,0.9,0.9,0.8949924865793359,0.9,0.9,0.6642617107671027,0.8770138045324537,0.36374108520889525,0.05783120508691564,0.042463257862573545,0.014701089697084169,0.0025192779517843045,0.9,0.36741756664812586,0.27293707808711587,0.0512201375406266,0.009436116996865529,0.9,0.9,0.9,0.9,0.9,0.9,0.9,0.9,0.9,0.9,0.9,0.9,0.9,0.9,0.8200792335171415,0.9,0.4667884429959468,0.05200611942547795,0.059600187809534466,0.041840364786850714,0.014701089697084169,0.004473695520841314,0.0018244767849907584,0.0017903047244142156,0.001,0.003396693388504457,0.001,0.00345854504177856,0.001,0.9,0.9,0.9,0.9,0.9,0.9,1.0,0.9,0.9,0.9,0.9,0.9,0.9,0.9,0.9,0.9,0.9,0.9,0.9,0.6822402890145236,0.5264226426905182,0.6912286832658481,0.36374108520889525,0.34565668975602293,0.6193135386624764,0.49949486908087215,0.6882339821933925,0.07315492374232668,0.018223026995365266,0.0029240440708622195,0.00880742871216289,0.007660519715672609,0.00597705848869301,0.011797038255680237,0.0013132286636660107,0.001
perceptron_18,0.9,0.9,0.6462824037458685,0.056111558837629416,0.17955970165438484,0.009598552392166226,0.9,0.9,0.9,0.9,0.9,0.9,0.9,0.9,0.9,0.9,0.9,0.9,0.9,0.9,0.9,0.9,0.9,0.9,0.9,0.7092100418535012,0.23080695267505702,0.18168663911558758,0.07951011279997577,0.01763827279133834,0.9,0.7122039484693787,0.6223101512132438,0.21129916609434185,0.0544344752492294,0.9,0.9,0.9,0.9,0.9,0.9,0.9,0.9,0.9,0.9,0.9,0.9,0.9,0.9,0.9,0.9,0.7961066134400644,0.21370267709037127,0.23575226388448411,0.17955970165438484,0.07951011279997577,0.028889581061220637,0.013289898233044273,0.013065207778187982,0.0030355710518440437,0.022790533999450302,0.0021619490751236814,0.02314893035069232,0.004813487741092803,0.9,0.9,0.9,0.9,0.9,0.9,0.9,1.0,0.9,0.9,0.9,0.9,0.9,0.9,0.9,0.9,0.9,0.9,0.9,0.9,0.8560381495086484,0.9,0.7092100418535012,0.6942262551114382,0.9,0.8290699125168457,0.9,0.27293707808711587,0.09245006412797974,0.020077451296721116,0.0512201375406266,0.04566673458873094,0.03709421858355133,0.06612542603503346,0.009932840402677279,0.004556477662592595
perceptron_19,0.9,0.7241928416424726,0.45380701806431833,0.02106213195994977,0.08168323752804751,0.0030355710518440437,0.9,0.9,0.9,0.9,0.9,0.9,0.9,0.9,0.9,0.9,0.9,0.9,0.9,0.9,0.9,0.9,0.9,0.8021027058282783,0.9,0.5174329898124745,0.10813177593380285,0.08277493342506892,0.030780535060595637,0.005872147222563018,0.9,0.5204276365397704,0.4262384790623688,0.09650912736088946,0.020401575613871903,0.9,0.9,0.9,0.9,0.9,0.9,0.9,0.9,0.9,0.9,0.9,0.9,0.9,0.9,0.9,0.9,0.6043304950181523,0.09790046883214154,0.11119552824977808,0.08168323752804751,0.030780535060595637,0.010106486825303351,0.004314581597872902,0.004236546501432126,0.001,0.007796500017762442,0.001,0.007933883781512163,0.0014471993568415664,0.9,0.9,0.9,0.9,0.9,0.9,0.9,0.9,1.0,0.9,0.9,0.9,0.9,0.9,0.9,0.9,0.9,0.9,0.9,0.8200792335171415,0.6642617107671023,0.8290699125168457,0.5174329898124745,0.5024476777533997,0.757152924525382,0.6372935184517372,0.8260726410518124,0.13048572066045916,0.037667975684616994,0.006769578020808686,0.019132202520105612,0.016787985465340216,0.013289898233044273,0.025009113516487824,0.003151297380571294,0.0013668371494910403
naive-bayes_11,0.9,0.9,0.9,0.26166167353790937,0.5503944655646471,0.06808868043529792,0.9,0.9,0.9,0.9,0.9,0.9,0.9,0.9,0.9,0.9,0.9,0.9,0.9,0.9,0.9,0.9,0.9,0.9,0.9,0.9,0.6163181702727236,0.5533891632911065,0.3316571006814324,0.10965877561906068,0.9,0.9,0.9,0.5923451083747663,0.2561221060868316,0.9,0.9,0.9,0.9,0.9,0.9,0.9,0.9,0.9,0.9,0.9,0.9,0.9,0.9,0.9,0.9,0.9,0.5953410236738595,0.6223101512132436,0.5503944655646471,0.3316571006814324,0.16068398181063837,0.08749858817224343,0.08719387868428319,0.025826214237688383,0.13219796135571382,0.019442224899256733,0.13393879209758908,0.0382421925853732,0.9,0.9,0.9,0.9,0.9,0.9,0.9,0.9,0.9,1.0,0.9,0.9,0.9,0.9,0.9,0.9,0.9,0.9,0.9,0.9,0.9,0.9,0.9,0.9,0.9,0.9,0.9,0.6642617107671023,0.3785099612746883,0.12227729096882178,0.24529221561149783,0.225879242140821,0.1926692759172154,0.2930891717034272,0.07008579328291775,0.0365321068863631
naive-bayes_12,0.9,0.9,0.8919977557123421,0.16470273158397264,0.4190604431424858,0.036532106886363214,0.9,0.9,0.9,0.9,0.9,0.9,0.9,0.9,0.9,0.9,0.9,0.9,0.9,0.9,0.9,0.9,0.9,0.9,0.9,0.9,0.49100514002550344,0.4226622979547153,0.21611657462419165,0.06233154783680983,0.9,0.9,0.8680240865510536,0.4667884429959468,0.16068398181063814,0.9,0.9,0.9,0.9,0.9,0.9,0.9,0.9,0.9,0.9,0.9,0.9,0.9,0.9,0.9,0.9,0.9,0.4699462944799422,0.49669787740408433,0.4190604431424858,0.21611657462419165,0.09378446464448464,0.04833810998104571,0.04766398358112478,0.013065207778187982,0.07843375725946222,0.009598552392166226,0.07951011279997577,0.01975763989331747,0.9,0.9,0.9,0.9,0.9,0.9,0.9,0.9,0.9,0.9,1.0,0.9,0.9,0.9,0.9,0.9,0.9,0.9,0.9,0.9,0.9,0.9,0.9,0.9,0.9,0.9,0.9,0.5384066959216413,0.24796813742689727,0.07008579328304243,0.15279946499072738,0.13751060938677173,0.11747647222326518,0.18600923422492244,0.037667975684616994,0.018825027386257243
naive-bayes_13,0.9,0.9,0.8140876288929653,0.12066846793870567,0.3248766171964069,0.024249956436628195,0.9,0.9,0.9,0.9,0.9,0.9,0.9,0.9,0.9,0.9,0.9,0.9,0.9,0.9,0.9,0.9,0.9,0.9,0.9,0.8770138045324537,0.4044619727254968,0.32824069108686993,0.16068398181063814,0.04246325786257321,0.9,0.8800113410650904,0.7901132012847418,0.37480442924173385,0.11747647222326518,0.9,0.9,0.9,0.9,0.9,0.9,0.9,0.9,0.9,0.9,0.9,0.9,0.9,0.9,0.9,0.9,0.9,0.3785099612746887,0.4117963973023475,0.3248766171964069,0.16068398181063814,0.06710436466638403,0.032777566869207964,0.03227070453926251,0.008358765309096072,0.053615106836313875,0.006084986949851934,0.0544344752492294,0.01284707816926367,0.9,0.9,0.9,0.9,0.9,0.9,0.9,0.9,0.9,0.9,0.9,1.0,0.9,0.9,0.9,0.9,0.9,0.9,0.9,0.9,0.9,0.9,0.8770138045324537,0.8620298558264581,0.9,0.9,0.9,0.4603697063792336,0.18600923422492244,0.04766398358112478,0.11119552824977808,0.0993082648746878,0.08387430901199733,0.1357100522926159,0.025009113516487824,0.012207438260859793
naive-bayes_14,0.9,0.9,0.9,0.19721634286002532,0.4730621113165858,0.04632600669369391,0.9,0.9,0.9,0.9,0.9,0.9,0.9,0.9,0.9,0.9,0.9,0.9,0.9,0.9,0.9,0.9,0.9,0.9,0.9,0.9,0.5384066959216418,0.4761451481130109,0.2561221060868316,0.07843375725946222,0.9,0.9,0.9,0.5144340621744385,0.1926692759172154,0.9,0.9,0.9,0.9,0.9,0.9,0.9,0.9,0.9,0.9,0.9,0.9,0.9,0.9,0.9,0.9,0.9,0.5174329898124741,0.544402551058623,0.4730621113165858,0.2561221060868316,0.1174764722232644,0.061409658660043,0.06049941249579294,0.017068302773812327,0.09513759157977852,0.01262955525383358,0.09650912736082495,0.025415018214431595,0.9,0.9,0.9,0.9,0.9,0.9,0.9,0.9,0.9,0.9,0.9,0.9,1.0,0.9,0.9,0.9,0.9,0.9,0.9,0.9,0.9,0.9,0.9,0.9,0.9,0.9,0.9,0.5863518438241585,0.2930891717034272,0.08719387868428319,0.18383422036569164,0.16876499248664878,0.1412012677229526,0.22342271988350226,0.04766398358112556,0.024249956436628195
naive-bayes_15,0.9,0.9,0.9,0.40813790817505713,0.6852366913648278,0.123888326339191,0.9,0.9,0.9,0.9,0.9,0.9,0.9,0.9,0.9,0.9,0.9,0.9,0.9,0.9,0.9,0.9,0.9,0.9,0.9,0.9,0.7511602786107043,0.6882339821933929,0.48810828198113687,0.1882072700813886,0.9,0.9,0.9,0.7271892932376858,0.4007743420832476,0.9,0.9,0.9,0.9,0.9,0.9,0.9,0.9,0.9,0.9,0.9,0.9,0.9,0.9,0.9,0.9,0.9,0.7301846850209865,0.7571529245253819,0.6852366913648278,0.48810828198113687,0.2644581465462795,0.15474697293714168,0.15279946499072805,0.0512201375406266,0.225879242140821,0.03941306323218019,0.22834067908530098,0.07419791919561136,0.9,0.9,0.9,0.9,0.9,0.9,0.9,0.9,0.9,0.9,0.9,0.9,0.9,1.0,0.9,0.9,0.9,0.9,0.9,0.9,0.9,0.9,0.9,0.9,0.9,0.9,0.9,0.79910535846831,0.5264226426905182,0.20653825183646735,0.3859391715415408,0.3564444072280819,0.3104965680921925,0.4471065283134109,0.12500122417066895,0.07110261825770792
naive-bayes_16,0.9,0.9,0.8200792335171426,0.123888326339191,0.3316571006814324,0.025009113516487824,0.9,0.9,0.9,0.9,0.9,0.9,0.9,0.9,0.9,0.9,0.9,0.9,0.9,0.9,0.9,0.9,0.9,0.9,0.9,0.8830068337440453,0.4117963973023441,0.33510917845765786,0.16470273158397297,0.04372566315040294,0.9,0.8860022956597373,0.7961066134400652,0.3822230176516431,0.12066846793870034,0.9,0.9,0.9,0.9,0.9,0.9,0.9,0.9,0.9,0.9,0.9,0.9,0.9,0.9,0.9,0.9,0.9,0.3859391715415408,0.4190604431424858,0.3316571006814324,0.16470273158397297,0.06908087447570055,0.033816257249931536,0.0332961326435216,0.008655936353652582,0.05526898855981899,0.006304712022581205,0.05611155883760455,0.013289898233044273,0.9,0.9,0.9,0.9,0.9,0.9,0.9,0.9,0.9,0.9,0.9,0.9,0.9,0.9,1.0,0.9,0.9,0.9,0.9,0.9,0.9,0.9,0.8830068337440453,0.8680240865510542,0.9,0.9,0.9,0.46678844299594535,0.1904278459163261,0.04902413953933671,0.11431234229847231,0.1021832275195077,0.0860827752830331,0.13934062010795645,0.025826214237688494,0.01262955525383358
naive-bayes_17,0.9,0.9,0.766141361333988,0.09650912736088946,0.2786530009542798,0.018825027386257243,0.9,0.9,0.9,0.9,0.9,0.9,0.9,0.9,0.9,0.9,0.9,0.9,0.9,0.9,0.9,0.9,0.9,0.9,0.9,0.8290699125168457,0.34565668975602293,0.28152853164953906,0.13048572066045916,0.03329613264352138,0.9,0.8320655390136642,0.7421717352340361,0.31914822285371414,0.09378446464448464,0.9,0.9,0.9,0.9,0.9,0.9,0.9,0.9,0.9,0.9,0.9,0.9,0.9,0.9,0.9,0.9,0.9,0.32201754590089826,0.35282170642113664,0.2786530009542798,0.13048572066045916,0.05280735381513102,0.025415018214431373,0.025009113516487824,0.006304712022581205,0.042463257862573545,0.004556477662592595,0.043090941271104355,0.009765725326187469,0.9,0.9,0.9,0.9,0.9,0.9,0.9,0.9,0.9,0.9,0.9,0.9,0.9,0.9,0.9,1.0,0.9,0.9,0.9,0.9,0.9,0.9,0.8290699125168457,0.8140876288929653,0.9,0.9,0.9,0.4044619727254968,0.15474697293714168,0.037667975684616994,0.08856011213831494,0.0816832375280434,0.06710436466638403,0.11274930774626646,0.019442224899256844,0.00927396679235104
naive-bayes_18,0.9,0.8560381495086484,0.5863518438241585,0.041840364786850714,0.14120126772297037,0.006769578020808686,0.9,0.9,0.9,0.9,0.9,0.9,0.9,0.9,0.9,0.9,0.9,0.9,0.9,0.9,0.9,0.9,0.9,0.9,0.9,0.6492792265857966,0.18383422036569197,0.1430868831617279,0.059600187809534466,0.012629555253833802,0.9,0.6522755471730294,0.5623795391925179,0.1687649924866479,0.04061412270524689,0.9,0.9,0.9,0.9,0.9,0.9,0.9,0.9,0.9,0.9,0.9,0.9,0.9,0.9,0.9,0.9,0.7361799401322573,0.170805474197123,0.1882072700813895,0.14120126772297037,0.059600187809534466,0.021062131959949992,0.009436116996865529,0.00927396679235104,0.0020848694633343046,0.016515303600283304,0.0014758075472297572,0.016787985465340216,0.003331572956982942,0.9,0.9,0.9,0.9,0.9,0.9,0.9,0.9,0.9,0.9,0.9,0.9,0.9,0.9,0.9,0.9,1.0,0.9,0.9,0.9,0.7961066134400644,0.9,0.6492792265857966,0.6342953095004717,0.8889980116229164,0.7691402959807268,0.9,0.2209775861210439,0.07212280191648246,0.014455889395371346,0.0382421925853732,0.033816257249931536,0.0271011468444603,0.04902413953930107,0.007016944022291582,0.003151297380571294
naive-bayes_19,0.9,0.9,0.9,0.19266927591721483,0.4667884429959468,0.04501300804020325,0.9,0.9,0.9,0.9,0.9,0.9,0.9,0.9,0.9,0.9,0.9,0.9,0.9,0.9,0.9,0.9,0.9,0.9,0.9,0.9,0.532414036423698,0.46994629447994396,0.2506642772837817,0.07630114927076015,0.9,0.9,0.9,0.508440418483646,0.1882072700813895,0.9,0.9,0.9,0.9,0.9,0.9,0.9,0.9,0.9,0.9,0.9,0.9,0.9,0.9,0.9,0.9,0.9,0.5114402264527076,0.5384066959216413,0.4667884429959468,0.2506642772837817,0.11431234229844922,0.059600187809534466,0.058710323853155666,0.016515303600283193,0.09245006412797974,0.012207438260859793,0.09378446464448464,0.024625618734030574,0.9,0.9,0.9,0.9,0.9,0.9,0.9,0.9,0.9,0.9,0.9,0.9,0.9,0.9,0.9,0.9,0.9,1.0,0.9,0.9,0.9,0.9,0.9,0.9,0.9,0.9,0.9,0.5803569988685573,0.2872960651845641,0.0849771321593894,0.17955970165438484,0.1647027315839733,0.13751060938677173,0.2185410756852243,0.04632600669369391,0.023510925615728873
knn_11,0.9,0.9,0.9,0.9,0.9,0.9,0.9,0.9,0.9,0.9,0.9,0.9,0.9,0.9,0.9,0.9,0.9,0.9,0.9,0.9,0.9,0.9,0.9,0.9,0.9,0.9,0.9,0.9,0.9,0.9,0.9,0.9,0.9,0.9,0.9,0.84105478731336,0.9,0.9,0.9,0.9,0.9,0.9,0.9,0.9,0.9,0.9,0.9,0.9,0.9,0.9,0.9,0.9,0.9,0.9,0.9,0.9,0.9,0.9,0.9,0.9,0.9,0.9,0.9,0.9,0.9,0.9,0.9,0.9,0.9,0.9,0.9,0.9,0.9,0.9,0.9,0.9,0.9,0.9,0.9,0.9,0.9,0.9,1.0,0.9,0.9,0.9,0.9,0.9,0.9,0.9,0.9,0.9,0.9,0.9,0.9,0.9,0.9,0.9,0.9,0.9
knn_12,0.9,0.9,0.9,0.9,0.9,0.9,0.7361799401322577,0.9,0.9,0.8470481183820078,0.9,0.7241928416424726,0.7841232597182933,0.8889980116229161,0.9,0.9,0.9,0.9,0.9,0.9,0.9,0.9,0.9,0.9,0.9,0.9,0.9,0.9,0.9,0.9,0.9,0.9,0.9,0.9,0.9,0.5893495842720444,0.9,0.6582675211432154,0.9,0.7062109347503498,0.7002177467374275,0.9,0.9,0.9,0.9,0.9,0.9,0.9,0.9,0.9,0.9,0.9,0.9,0.9,0.9,0.9,0.9,0.9,0.9,0.9,0.9,0.9,0.9,0.9,0.9,0.8889980116229161,0.9,0.9,0.8050988830571517,0.9,0.6822402890145236,0.9,0.8200792335171415,0.9,0.9,0.9,0.9,0.9,0.9,0.9,0.9,0.9,0.9,1.0,0.9,0.9,0.9,0.9,0.9,0.9,0.9,0.9,0.9,0.9,0.9,0.9,0.9,0.9,0.9,0.9
knn_13,0.9,0.9,0.9,0.9,0.9,0.9,0.5803569988685573,0.7841232597182933,0.7901132012847418,0.6912286832658481,0.8290699125168457,0.5683719299973653,0.6283037790922638,0.7331797024687295,0.9,0.9,0.9,0.9,0.9,0.9,0.9,0.9,0.9,0.9,0.9,0.9,0.9,0.9,0.9,0.9,0.9,0.9,0.9,0.9,0.9,0.42978805341233306,0.9,0.5024476777533997,0.9,0.5503944655646471,0.544402551058623,0.9,0.9,0.9,0.8050988830571517,0.9,0.9,0.9,0.9,0.9,0.9,0.9,0.9,0.9,0.9,0.9,0.9,0.9,0.9,0.9,0.9,0.9,0.9,0.9,0.8110896719021,0.7331797024687295,0.9,0.7481643137424328,0.6492792265857963,0.8080933730911668,0.5264226426905182,0.8560381495086484,0.6642617107671023,0.9,0.9,0.9,0.9,0.9,0.9,0.9,0.7961066134400644,0.9,0.9,0.9,1.0,0.9,0.9,0.9,0.9,0.9,0.9,0.9,0.9,0.9,0.9,0.9,0.9,0.9,0.9,0.9
knn_14,0.9,0.9,0.9,0.9,0.9,0.9,0.7451660395660074,0.9,0.9,0.8560381495086484,0.9,0.7331797024687295,0.793110862704006,0.8979922667791429,0.9,0.9,0.9,0.9,0.9,0.9,0.9,0.9,0.9,0.9,0.9,0.9,0.9,0.9,0.9,0.9,0.9,0.9,0.9,0.9,0.9,0.5983381520894804,0.9,0.6672552743296456,0.9,0.7152001710700221,0.7092100418535012,0.9,0.9,0.9,0.9,0.9,0.9,0.9,0.9,0.9,0.9,0.9,0.9,0.9,0.9,0.9,0.9,0.9,0.9,0.9,0.9,0.9,0.9,0.9,0.9,0.8979922667791429,0.9,0.9,0.8140876288929653,0.9,0.6912286832658481,0.9,0.8290699125168457,0.9,0.9,0.9,0.9,0.9,0.9,0.9,0.9,0.9,0.9,0.9,0.9,1.0,0.9,0.9,0.9,0.9,0.9,0.9,0.9,0.9,0.9,0.9,0.9,0.9,0.9,0.9
knn_15,0.9,0.9,0.9,0.9,0.9,0.9,0.4297880534123334,0.6372935184517372,0.6432850435491977,0.544402551058624,0.6822402890145236,0.415438356835235,0.4821988102751237,0.5863518438241585,0.9,0.9,0.8530415020091512,0.9,0.9,0.9,0.9,0.9,0.9,0.9,0.9,0.9,0.9,0.9,0.9,0.9,0.9,0.9,0.9,0.9,0.9,0.26726769917244686,0.7691402959807268,0.335109178457655,0.757152924525382,0.3933671141046089,0.3859391715415408,0.8770138045324537,0.9,0.8021027058282783,0.6582675211432154,0.9,0.9,0.9,0.9,0.9,0.9,0.9,0.9,0.9,0.9,0.9,0.9,0.9,0.9,0.9,0.9,0.9,0.9,0.9,0.6642617107671027,0.5863518438241585,0.7721345699341695,0.6013343890442384,0.5024476777533997,0.6612660607072198,0.36374108520889525,0.7092100418535012,0.5174329898124745,0.9,0.9,0.8770138045324537,0.9,0.9,0.8830068337440453,0.8290699125168457,0.6492792265857966,0.9,0.9,0.9,0.9,0.9,1.0,0.9,0.9,0.9,0.9,0.9,0.9,0.9,0.9,0.9,0.9,0.9,0.9,0.9
knn_16,0.9,0.9,0.9,0.9,0.9,0.9,0.4117963973023441,0.6223101512132438,0.6283037790922645,0.5294165629472743,0.6672552743296456,0.39707574056935147,0.46678844299594535,0.5713693760757115,0.9,0.8919977557123421,0.838060215783357,0.9,0.9,0.9,0.9,0.9,0.9,0.9,0.9,0.9,0.9,0.9,0.9,0.9,0.9,0.9,0.9,0.9,0.9,0.2533823036453313,0.7541559018526037,0.31914822285371414,0.7421717352340361,0.3748044292417343,0.36741756664812586,0.8620298558264581,0.9,0.787119453899219,0.6432850435491977,0.9,0.9,0.9,0.9,0.9,0.9,0.9,0.9,0.9,0.9,0.9,0.9,0.9,0.9,0.9,0.9,0.9,0.9,0.9,0.6492792265857966,0.5713693760757115,0.757152924525382,0.5863518438241585,0.48810828198113687,0.6462824037458684,0.34565668975602293,0.6942262551114382,0.5024476777533997,0.9,0.9,0.8620298558264581,0.9,0.9,0.8680240865510542,0.8140876288929653,0.6342953095004717,0.9,0.9,0.9,0.9,0.9,0.9,1.0,0.9,0.9,0.9,0.9,0.9,0.9,0.9,0.9,0.9,0.9,0.9,0.9
knn_17,0.9,0.9,0.9,0.9,0.9,0.9,0.6732529252494925,0.8770138045324537,0.8830068337440453,0.7841232597182936,0.9,0.6612660607072198,0.7211932453367318,0.8260726410518124,0.9,0.9,0.9,0.9,0.9,0.9,0.9,0.9,0.9,0.9,0.9,0.9,0.9,0.9,0.9,0.9,0.9,0.9,0.9,0.9,0.9,0.5264226426905182,0.9,0.5953410236738602,0.9,0.6432850435491977,0.6372935184517372,0.9,0.9,0.9,0.8979922667791436,0.9,0.9,0.9,0.9,0.9,0.9,0.9,0.9,0.9,0.9,0.9,0.9,0.9,0.9,0.9,0.9,0.9,0.9,0.9,0.9,0.8260726410518124,0.9,0.84105478731336,0.7421717352340361,0.9,0.6193135386624764,0.9,0.757152924525382,0.9,0.9,0.9,0.9,0.9,0.9,0.9,0.8889980116229164,0.9,0.9,0.9,0.9,0.9,0.9,0.9,1.0,0.9,0.9,0.9,0.9,0.9,0.9,0.9,0.9,0.9,0.9,0.9
knn_18,0.9,0.9,0.9,0.9,0.9,0.9,0.5533891632911065,0.757152924525382,0.7631466734385554,0.6642617107671027,0.8021027058282783,0.541406783096775,0.6013343890442384,0.7062109347503498,0.9,0.9,0.9,0.9,0.9,0.9,0.9,0.9,0.9,0.9,0.9,0.9,0.9,0.9,0.9,0.9,0.9,0.9,0.9,0.9,0.9,0.39707574056935147,0.8889980116229164,0.4761451481130109,0.8770138045324537,0.5234246176047741,0.5174329898124745,0.9,0.9,0.9,0.7781301018035343,0.9,0.9,0.9,0.9,0.9,0.9,0.9,0.9,0.9,0.9,0.9,0.9,0.9,0.9,0.9,0.9,0.9,0.9,0.9,0.7841232597182936,0.7062109347503498,0.8919977557123421,0.7211932453367318,0.6223101512132438,0.7811258658723392,0.49949486908087215,0.8290699125168457,0.6372935184517372,0.9,0.9,0.9,0.9,0.9,0.9,0.9,0.7691402959807268,0.9,0.9,0.9,0.9,0.9,0.9,0.9,0.9,1.0,0.9,0.9,0.9,0.9,0.9,0.9,0.9,0.9,0.9,0.9
knn_19,0.9,0.9,0.9,0.9,0.9,0.9,0.7421717352340361,0.9,0.9,0.8530415020091512,0.9,0.7301846850209865,0.7901132012847418,0.8949924865793359,0.9,0.9,0.9,0.9,0.9,0.9,0.9,0.9,0.9,0.9,0.9,0.9,0.9,0.9,0.9,0.9,0.9,0.9,0.9,0.9,0.9,0.5953410236738602,0.9,0.6642617107671027,0.9,0.7122039484693787,0.7062109347503498,0.9,0.9,0.9,0.9,0.9,0.9,0.9,0.9,0.9,0.9,0.9,0.9,0.9,0.9,0.9,0.9,0.9,0.9,0.9,0.9,0.9,0.9,0.9,0.9,0.8949924865793359,0.9,0.9,0.8110896719021,0.9,0.6882339821933925,0.9,0.8260726410518124,0.9,0.9,0.9,0.9,0.9,0.9,0.9,0.9,0.9,0.9,0.9,0.9,0.9,0.9,0.9,0.9,0.9,1.0,0.9,0.9,0.9,0.9,0.9,0.9,0.9,0.9,0.9
mix_11,0.9,0.9,0.9,0.9,0.9,0.9,0.09113214898648281,0.21129916609434185,0.21611657462419187,0.1469430134144586,0.24796813742689727,0.08749858817224343,0.11431234229847231,0.17490841012490588,0.541406783096775,0.49100514002550344,0.43331125937277126,0.6253067431973383,0.9,0.9,0.9,0.9,0.9,0.9,0.9,0.9,0.9,0.9,0.9,0.9,0.9,0.9,0.9,0.9,0.9,0.04632600669369391,0.3316571006814334,0.06516345152845271,0.31914822285371414,0.08168323752803852,0.07951011279997577,0.4603697063792336,0.6552713599635612,0.37110523108269244,0.22834067908530098,0.9,0.9,0.9,0.9,0.9,0.9,0.9,0.9,0.9,0.9,0.9,0.9,0.9,0.9,0.9,0.9,0.9,0.9,0.9,0.2332770724405302,0.17490841012490588,0.335109178457655,0.18383422036569164,0.12499745891822578,0.23080695267505613,0.07315492374232668,0.27293707808711587,0.13048572066045916,0.6642617107671023,0.5384066959216413,0.4603697063792336,0.5863518438241585,0.79910535846831,0.46678844299594535,0.4044619727254968,0.2209775861210439,0.5803569988685573,0.9,0.9,0.9,0.9,0.9,0.9,0.9,0.9,0.9,1.0,0.9,0.9,0.9,0.9,0.9,0.9,0.9,0.9
mix_12,0.9,0.9,0.9,0.9,0.9,0.9,0.024249956436628195,0.06808868043531657,0.07008579328291775,0.043090941271104355,0.08387430901199733,0.022790533999450302,0.03126839077260224,0.05280735381504742,0.25066427728378193,0.20891015990165662,0.170805474197123,0.3316571006814334,0.9,0.9,0.9,0.9,0.9,0.9,0.9,0.9,0.9,0.9,0.9,0.9,0.9,0.9,0.9,0.9,0.9,0.010828330729009794,0.12227729096879225,0.01597658352443576,0.1158911410164245,0.020731050695085962,0.020077451296721116,0.18600923422492244,0.36741756664812586,0.13751060938677173,0.07524413994789014,0.9,0.9,0.9,0.9,0.9,0.9,0.9,0.9,0.9,0.9,0.9,0.9,0.9,0.9,0.9,0.9,0.9,0.9,0.9,0.07736278777202099,0.05280735381504742,0.12388832633916536,0.0569657775231569,0.03488416844672626,0.07630114927076015,0.018223026995365266,0.09245006412797974,0.037667975684616994,0.3785099612746883,0.24796813742689727,0.18600923422492244,0.2930891717034272,0.5264226426905182,0.1904278459163261,0.15474697293714168,0.07212280191648246,0.2872960651845641,0.9,0.9,0.9,0.9,0.9,0.9,0.9,0.9,0.9,0.9,1.0,0.9,0.9,0.9,0.9,0.9,0.9,0.9
mix_13,0.9,0.9,0.9,0.9,0.9,0.9,0.004084578939287931,0.013515784874639558,0.013977003636686192,0.007933883781512163,0.017352894783984274,0.003791952393612519,0.0054618029181573435,0.010106486825303351,0.07110261825770792,0.05526898855981899,0.04246325786257332,0.10218322751954445,0.9,0.9,0.9,0.9,0.9,0.9,0.9,0.9,0.9,0.9,0.9,0.9,0.9,0.9,0.9,0.9,0.9,0.0016243843208675335,0.0275415816479484,0.0025192779517843045,0.025826214237688494,0.003396693388504457,0.003270404444485342,0.04766398358112478,0.11747647222326518,0.032777566869207964,0.015201909440677785,0.9,0.9,0.9,0.9,0.9,0.9,0.9,0.9,0.9,0.9,0.9,0.9,0.9,0.9,0.9,0.9,0.9,0.9,0.9,0.015714619871007418,0.010106486825303351,0.027984406560172204,0.011017923571799204,0.006192681983527404,0.015456731678984537,0.0029240440708622195,0.020077451296721116,0.006769578020808686,0.12227729096882178,0.07008579328304243,0.04766398358112478,0.08719387868428319,0.20653825183646735,0.04902413953933671,0.037667975684616994,0.014455889395371346,0.0849771321593894,0.9,0.9,0.9,0.9,0.9,0.9,0.9,0.9,0.9,0.9,0.9,1.0,0.9,0.9,0.9,0.9,0.9,0.9
mix_14,0.9,0.9,0.9,0.9,0.9,0.9,0.01199972639283775,0.035976063836563044,0.03709421858355133,0.022085348604231392,0.04501300804020325,0.011207035982854552,0.015714619871007307,0.027541581647945623,0.15474697293714168,0.12500122417066784,0.09930826487472422,0.21370267709037127,0.9,0.9,0.9,0.9,0.9,0.9,0.9,0.9,0.9,0.9,0.9,0.9,0.9,0.9,0.9,0.9,0.9,0.005080630873769421,0.06908087447570055,0.007660519715672609,0.06516345152845271,0.010106486825303351,0.009765725326187469,0.11119552824977808,0.23750054540478416,0.08059297446284075,0.04001207015458963,0.9,0.9,0.9,0.9,0.9,0.9,0.9,0.9,0.9,0.9,0.9,0.9,0.9,0.9,0.9,0.9,0.9,0.9,0.9,0.04122417558438807,0.027541581647945623,0.07008579328304243,0.029821397282453255,0.01763827279133834,0.04061412270524667,0.00880742871216289,0.0512201375406266,0.019132202520105612,0.24529221561149783,0.15279946499072738,0.11119552824977808,0.18383422036569164,0.3859391715415408,0.11431234229847231,0.08856011213831494,0.0382421925853732,0.17955970165438484,0.9,0.9,0.9,0.9,0.9,0.9,0.9,0.9,0.9,0.9,0.9,0.9,1.0,0.9,0.9,0.9,0.9,0.9
mix_15,0.9,0.9,0.9,0.9,0.9,0.9,0.010461754782181365,0.0317669540684441,0.032777566869207964,0.019442224899256844,0.04001207015458974,0.009765725326187469,0.013746270482751344,0.024249956436628195,0.13934062010795645,0.11431234229844922,0.08856011213831494,0.19493047412139908,0.9,0.9,0.9,0.9,0.9,0.9,0.9,0.9,0.9,0.9,0.9,0.9,0.9,0.9,0.9,0.9,0.9,0.0043934918656389765,0.061409658660100286,0.00665161849991458,0.05783120508691564,0.008807428712163001,0.008505655524987832,0.0993082648746878,0.2185410756852243,0.07212280191648246,0.0354271624764706,0.9,0.9,0.9,0.9,0.9,0.9,0.9,0.9,0.9,0.9,0.9,0.9,0.9,0.9,0.9,0.9,0.9,0.9,0.9,0.0365321068863631,0.024249956436628195,0.062331547836877776,0.026247836190061324,0.015456731678984759,0.035976063836563044,0.007660519715672609,0.04566673458873094,0.016787985465340216,0.225879242140821,0.13751060938677173,0.0993082648746878,0.16876499248664878,0.3564444072280819,0.1021832275195077,0.0816832375280434,0.033816257249931536,0.1647027315839733,0.9,0.9,0.9,0.9,0.9,0.9,0.9,0.9,0.9,0.9,0.9,0.9,0.9,1.0,0.9,0.9,0.9,0.9
mix_16,0.9,0.9,0.9,0.9,0.9,0.9,0.008215189424773395,0.025415018214431373,0.026247836190061324,0.015456731678984759,0.03227070453926251,0.007660519715672609,0.010828330729009794,0.019442224899256733,0.11906803680141087,0.09378446464448464,0.07524413994789014,0.16672945140551032,0.9,0.9,0.9,0.9,0.9,0.9,0.9,0.9,0.9,0.9,0.9,0.9,0.9,0.9,0.9,0.9,0.9,0.003396693388504457,0.04970801039188155,0.0051722104650751,0.046990824968410894,0.0068916305599336924,0.00665161849991458,0.08387430901199733,0.18600923422492244,0.058710323853155666,0.028434292474681655,0.9,0.9,0.9,0.9,0.9,0.9,0.9,0.9,0.9,0.9,0.9,0.9,0.9,0.9,0.9,0.9,0.9,0.9,0.9,0.02935277247063639,0.019442224899256733,0.05044397777625187,0.021062131959949992,0.012207438260859793,0.028889581061220637,0.00597705848869301,0.03709421858355133,0.013289898233044273,0.1926692759172154,0.11747647222326518,0.08387430901199733,0.1412012677229526,0.3104965680921925,0.0860827752830331,0.06710436466638403,0.0271011468444603,0.13751060938677173,0.9,0.9,0.9,0.9,0.9,0.9,0.9,0.9,0.9,0.9,0.9,0.9,0.9,0.9,1.0,0.9,0.9,0.9
mix_17,0.9,0.9,0.9,0.9,0.9,0.9,0.015976583524435872,0.04632600669369391,0.04766398358112556,0.028889581061220637,0.05783120508691564,0.01495004538747513,0.020731050695085962,0.035976063836563044,0.1882072700813897,0.15474697293714168,0.12499745891820813,0.2561221060868316,0.9,0.9,0.9,0.9,0.9,0.9,0.9,0.9,0.9,0.9,0.9,0.9,0.9,0.9,0.9,0.9,0.9,0.0068916305599336924,0.08719387868428319,0.010283050449516606,0.08277493342506892,0.013515784874639558,0.013065207778187982,0.1357100522926159,0.2844100954730715,0.0993082648746878,0.051220137540583965,0.9,0.9,0.9,0.9,0.9,0.9,0.9,0.9,0.9,0.9,0.9,0.9,0.9,0.9,0.9,0.9,0.9,0.9,0.9,0.05280735381513102,0.035976063836563044,0.08749858817224343,0.038823212882099,0.02314893035069232,0.05200611942550337,0.011797038255680237,0.06612542603503346,0.025009113516487824,0.2930891717034272,0.18600923422492244,0.1357100522926159,0.22342271988350226,0.4471065283134109,0.13934062010795645,0.11274930774626646,0.04902413953930107,0.2185410756852243,0.9,0.9,0.9,0.9,0.9,0.9,0.9,0.9,0.9,0.9,0.9,0.9,0.9,0.9,0.9,1.0,0.9,0.9
mix_18,0.9,0.9,0.9,0.9,0.9,0.9,0.0018594326556593543,0.006533675653881854,0.006769578020808575,0.003725264209304746,0.008505655524987832,0.001720309617556648,0.0025192779517843045,0.004813487741092803,0.038242192585373314,0.02935277247063639,0.022085348604231392,0.05783120508691564,0.9,0.9,0.9,0.9,0.9,0.9,0.9,0.9,0.9,0.9,0.9,0.9,0.9,0.9,0.9,0.9,0.9,0.001,0.013977003636686303,0.001125981548824373,0.013065207778187982,0.0015333665196477497,0.0014758075472297572,0.025009113516487824,0.06710436466638403,0.016787985465340216,0.007397818141832491,0.9,0.9,0.9,0.9,0.9,0.9,0.9,0.9,0.9,0.9,0.9,0.9,0.9,0.9,0.9,0.9,0.9,0.9,0.9,0.007660519715672609,0.004813487741092803,0.014215691932401353,0.005271046942989965,0.002871386741983173,0.007529150133004481,0.0013132286636660107,0.009932840402677279,0.003151297380571294,0.07008579328291775,0.037667975684616994,0.025009113516487824,0.04766398358112556,0.12500122417066895,0.025826214237688494,0.019442224899256844,0.007016944022291582,0.04632600669369391,0.9,0.9,0.9,0.9,0.9,0.9,0.9,0.9,0.9,0.9,0.9,0.9,0.9,0.9,0.9,0.9,1.0,0.9
mix_19,0.8860022956597373,0.9,0.9,0.9,0.9,0.9,0.001,0.0029240440708622195,0.0030355710518440437,0.0016243843208675335,0.003864003211837108,0.001,0.0010808110521577374,0.0021224971769666645,0.01913220252010539,0.014455889395371346,0.010643492312815583,0.029821397282453255,0.8170845238754738,0.9,0.9,0.9,0.9,0.9,0.9,0.9,0.9,0.9,0.9,0.9,0.9,0.9,0.9,0.9,0.9,0.001,0.006533675653881854,0.001,0.006084986949851934,0.001,0.001,0.012207438260859793,0.03488416844672626,0.007933883781512163,0.003331572956982942,0.8620298558264581,0.9,0.9,0.9,0.9,0.9,0.9,0.9,0.9,0.9,0.9,0.9,0.9,0.9,0.9,0.9,0.9,0.9,0.9,0.00345854504177856,0.0021224971769666645,0.00665161849991458,0.002334559272875625,0.0012390718520778332,0.003396693388504457,0.001,0.004556477662592595,0.0013668371494910403,0.0365321068863631,0.018825027386257243,0.012207438260859793,0.024249956436628195,0.07110261825770792,0.01262955525383358,0.00927396679235104,0.003151297380571294,0.023510925615728873,0.9,0.9,0.9,0.9,0.9,0.9,0.9,0.9,0.9,0.9,0.9,0.9,0.9,0.9,0.9,0.9,0.9,1.0
